y1,x1_COBYQA,x1_COBYLA,y2,x2_COBYQA,x2_COBYLA,y3,x3_COBYQA,x3_COBYLA,y4,x4_COBYQA,x4_COBYLA,y5,x5_COBYQA,x5_COBYLA,y6,x6_COBYQA,x6_COBYLA,y7,x7_COBYQA,x7_COBYLA,y8,x8_COBYQA,x8_COBYLA,y9,x9_COBYQA,x9_COBYLA
0.0,1.0,1.0,0.0,1.0,1.0,0.0,1.0,1.0,0.0,1.0,1.0,0.0,1.0,1.0,0.0,1.0,1.0,0.0,1.0,1.0,0.0,1.0,1.0,0.0,1.0,1.0
0.0,1.0,1.0,0.0,1.0,1.0,0.0,1.0,1.0,0.0,1.0,1.0,0.0,1.0,1.0,0.0,1.0,1.0,0.0,1.0,1.0,0.0,1.0,1.0,0.0,1.0,1.0
0.009259259259259259,1.0,1.0,0.009259259259259259,1.0,1.0,0.009259259259259259,1.0,1.0,0.009259259259259259,1.0,1.0,0.009259259259259259,1.0,1.0,0.009259259259259259,1.0,1.0,0.009259259259259259,1.0,1.0,0.009259259259259259,1.0,1.0,0.009259259259259259,1.0,1.0
0.009259259259259259,1.0,1.0,0.009259259259259259,1.0,1.0,0.009259259259259259,1.0,1.0,0.009259259259259259,1.0,1.0,0.009259259259259259,1.0,1.0,0.009259259259259259,1.0,1.0,0.009259259259259259,1.0,1.0,0.009259259259259259,1.0,1.0,0.009259259259259259,1.0,1.0
0.018518518518518517,1.0,1.0,0.018518518518518517,1.0,1.0,0.018518518518518517,1.0,1.0,0.018518518518518517,1.0,1.0,0.018518518518518517,1.0,1.0,0.018518518518518517,1.0,1.0,0.018518518518518517,1.0,1.0,0.018518518518518517,1.0,1.0,0.018518518518518517,1.0,1.0
0.018518518518518517,1.0,1.0,0.018518518518518517,1.0,1.0,0.018518518518518517,1.0,1.0,0.018518518518518517,1.0,1.0,0.018518518518518517,1.0,1.0,0.018518518518518517,1.0,1.0,0.018518518518518517,1.0,1.0,0.018518518518518517,1.0,1.0,0.018518518518518517,1.0,1.0
0.027777777777777776,1.0,1.0,0.027777777777777776,1.0,1.0,0.027777777777777776,1.0,1.0,0.027777777777777776,1.0,1.0,0.027777777777777776,1.0,1.0,0.027777777777777776,1.0,1.0,0.027777777777777776,1.0,1.0,0.027777777777777776,1.0,1.0,0.027777777777777776,1.0,1.0
0.027777777777777776,1.0,1.0,0.027777777777777776,1.0,1.0,0.027777777777777776,1.0,1.0,0.027777777777777776,1.0,1.0,0.027777777777777776,1.0,1.0,0.027777777777777776,1.0,1.0,0.027777777777777776,1.0,1.0,0.027777777777777776,1.0,1.0,0.027777777777777776,1.0,1.0
0.037037037037037035,1.0,1.0,0.037037037037037035,1.0,1.0,0.037037037037037035,1.0,1.0,0.037037037037037035,1.0,1.0,0.037037037037037035,1.0,1.0,0.037037037037037035,1.0,1.0,0.037037037037037035,1.0,1.0,0.037037037037037035,1.0,1.0,0.037037037037037035,1.0,1.0
0.037037037037037035,1.0,1.0,0.037037037037037035,1.0,1.0,0.037037037037037035,1.0,1.0,0.037037037037037035,1.0,1.0,0.037037037037037035,1.0,1.0,0.037037037037037035,1.0,1.0,0.037037037037037035,1.0,1.0,0.037037037037037035,1.0,1.0,0.037037037037037035,1.0,1.0
0.046296296296296294,1.0,1.0,0.046296296296296294,1.0,1.0,0.046296296296296294,1.0,1.0,0.046296296296296294,1.0,1.0,0.046296296296296294,1.0,1.0,0.046296296296296294,1.0,1.0,0.046296296296296294,1.0,1.0,0.046296296296296294,1.0,1.0,0.046296296296296294,1.0,1.0
0.046296296296296294,1.0,1.0,0.046296296296296294,1.0,1.0,0.046296296296296294,1.0,1.0,0.046296296296296294,1.0,1.0,0.046296296296296294,1.0,1.0,0.046296296296296294,1.0,1.0,0.046296296296296294,1.0,1.0,0.046296296296296294,1.0,1.0,0.046296296296296294,1.0,1.0
0.05555555555555555,1.0,1.0,0.05555555555555555,1.0,1.0,0.05555555555555555,1.0,1.0,0.05555555555555555,1.0,1.0,0.05555555555555555,1.0,1.0,0.05555555555555555,1.0,1.0,0.05555555555555555,1.0,1.0,0.05555555555555555,1.0,1.0,0.05555555555555555,1.0,1.0
0.05555555555555555,1.0,1.0,0.05555555555555555,1.0,1.0,0.05555555555555555,1.0,1.0,0.05555555555555555,1.0,1.0,0.05555555555555555,1.0,1.0,0.05555555555555555,1.0,1.0,0.05555555555555555,1.0,1.0,0.05555555555555555,1.0,1.0,0.05555555555555555,1.0,1.0
0.06481481481481481,1.0,1.0,0.06481481481481481,1.0,1.0,0.06481481481481481,1.0,1.0,0.06481481481481481,1.0,1.0,0.06481481481481481,1.0,1.0,0.06481481481481481,1.0,1.0,0.06481481481481481,1.0,1.0,0.06481481481481481,1.0,1.0,0.06481481481481481,1.0,1.0
0.06481481481481481,1.0,1.0,0.06481481481481481,1.0,1.0,0.06481481481481481,1.0,1.0,0.06481481481481481,1.0,1.0,0.06481481481481481,1.0,1.0,0.06481481481481481,1.0,1.0,0.06481481481481481,1.0,1.0,0.06481481481481481,1.0,1.0,0.06481481481481481,1.0,1.0
0.07407407407407407,1.0,1.0,0.07407407407407407,1.0,1.0,0.07407407407407407,1.0,1.0,0.07407407407407407,1.0,1.0,0.07407407407407407,1.0,1.0,0.07407407407407407,1.0,1.0,0.07407407407407407,1.0,1.0,0.07407407407407407,1.0,1.0,0.07407407407407407,1.0,1.0
0.07407407407407407,1.0,1.0,0.07407407407407407,1.0,1.0,0.07407407407407407,1.0,1.0,0.07407407407407407,1.0,1.0,0.07407407407407407,1.0,1.0,0.07407407407407407,1.0,1.0,0.07407407407407407,1.0,1.0,0.07407407407407407,1.0,1.0,0.07407407407407407,1.0,1.0
0.08333333333333333,1.0,1.0,0.08333333333333333,1.0,1.0,0.08333333333333333,1.0,1.0,0.08333333333333333,1.0,1.0,0.08333333333333333,1.0,1.0,0.08333333333333333,1.0,1.0,0.08333333333333333,1.0,1.0,0.08333333333333333,1.0,1.0,0.08333333333333333,1.0,1.0
0.08333333333333333,1.0,1.0,0.08333333333333333,1.0,1.0,0.08333333333333333,1.0,1.0,0.08333333333333333,1.0,1.0,0.08333333333333333,1.0,1.0,0.08333333333333333,1.0,1.0,0.08333333333333333,1.0,1.0,0.08333333333333333,1.0,1.0,0.08333333333333333,1.0,1.0
0.09259259259259259,1.0,1.0,0.09259259259259259,1.0,1.0,0.09259259259259259,1.0,1.0,0.09259259259259259,1.0,1.0,0.09259259259259259,1.0,1.0,0.09259259259259259,1.0,1.0,0.09259259259259259,1.0,1.0,0.09259259259259259,1.0,1.0,0.09259259259259259,1.0,1.0
0.09259259259259259,1.0,1.0,0.09259259259259259,1.0,1.0,0.09259259259259259,1.0,1.0,0.09259259259259259,1.0,1.0,0.09259259259259259,1.0,1.0,0.09259259259259259,1.0,1.0,0.09259259259259259,1.0,1.0,0.09259259259259259,1.0,1.0,0.09259259259259259,1.0,1.0
0.10185185185185185,1.0,1.0,0.10185185185185185,1.0,1.0,0.10185185185185185,1.0,1.0,0.10185185185185185,1.0,1.0,0.10185185185185185,1.0,1.0,0.10185185185185185,1.0,1.0,0.10185185185185185,1.0,1.0,0.10185185185185185,1.0,1.0,0.10185185185185185,1.0,1.0
0.10185185185185185,1.0,1.0,0.10185185185185185,1.0,1.0,0.10185185185185185,1.0,1.0,0.10185185185185185,1.0,1.0,0.10185185185185185,1.0,1.0,0.10185185185185185,1.0,1.0,0.10185185185185185,1.0,1.0,0.10185185185185185,1.0,1.0,0.10185185185185185,1.0,1.0
0.1111111111111111,1.0,1.0,0.1111111111111111,1.0,1.0,0.1111111111111111,1.0,1.0,0.1111111111111111,1.0,1.0,0.1111111111111111,1.0,1.0,0.1111111111111111,1.0,1.0,0.1111111111111111,1.0,1.0,0.1111111111111111,1.0,1.0,0.1111111111111111,1.0,1.0
0.1111111111111111,1.0,1.0,0.1111111111111111,1.0,1.0,0.1111111111111111,1.0,1.0,0.1111111111111111,1.0,1.0,0.1111111111111111,1.0,1.0,0.1111111111111111,1.0,1.0,0.1111111111111111,1.0,1.0,0.1111111111111111,1.0,1.0,0.1111111111111111,1.0,1.0
0.12037037037037036,1.0,1.0,0.12037037037037036,1.0,1.0,0.12037037037037036,1.0,1.0,0.12037037037037036,1.0,1.0,0.12037037037037036,1.0,1.0,0.12037037037037036,1.0,1.0,0.12037037037037036,1.0,1.0,0.12037037037037036,1.0,1.0,0.12037037037037036,1.0,1.0
0.12037037037037036,1.0,1.0,0.12037037037037036,1.0,1.0,0.12037037037037036,1.0,1.0,0.12037037037037036,1.0,1.0,0.12037037037037036,1.0,1.0,0.12037037037037036,1.0,1.0,0.12037037037037036,1.0,1.0,0.12037037037037036,1.0,1.0,0.12037037037037036,1.0,1.0
0.12962962962962962,1.0,1.0,0.12962962962962962,1.0,1.0,0.12962962962962962,1.0,1.0,0.12962962962962962,1.0,1.0,0.12962962962962962,1.0,1.0,0.12962962962962962,1.0,1.0,0.12962962962962962,1.0,1.0,0.12962962962962962,1.0,1.0,0.12962962962962962,1.0,1.0
0.12962962962962962,1.0,1.0,0.12962962962962962,1.0,1.0,0.12962962962962962,1.0,1.0,0.12962962962962962,1.0,1.0,0.12962962962962962,1.0,1.0,0.12962962962962962,1.0,1.0,0.12962962962962962,1.0,1.0,0.12962962962962962,1.0,1.0,0.12962962962962962,1.0,1.0
0.1388888888888889,1.0,1.0,0.1388888888888889,1.0,1.0,0.1388888888888889,1.0,1.0,0.1388888888888889,1.0,1.0,0.1388888888888889,1.0,1.0,0.1388888888888889,1.0,1.0,0.1388888888888889,1.0,1.0,0.1388888888888889,1.0,1.0,0.1388888888888889,1.0,1.0
0.1388888888888889,1.0,1.0,0.1388888888888889,1.0,1.0,0.1388888888888889,1.0,1.0,0.1388888888888889,1.0,1.0,0.1388888888888889,1.0,1.0,0.1388888888888889,1.0,1.0,0.1388888888888889,1.0,1.0,0.1388888888888889,1.0,1.0,0.1388888888888889,1.0,1.0
0.14814814814814814,1.0,1.0,0.14814814814814814,1.0,1.0,0.14814814814814814,1.0,1.0,0.14814814814814814,1.0,1.0,0.14814814814814814,1.0,1.0,0.14814814814814814,1.0,1.0,0.14814814814814814,1.0,1.0,0.14814814814814814,1.0,1.0,0.14814814814814814,1.0,1.0
0.14814814814814814,1.0,1.0,0.14814814814814814,1.0,1.0,0.14814814814814814,1.0,1.0,0.14814814814814814,1.0,1.0,0.14814814814814814,1.0,1.0,0.14814814814814814,1.0,1.0,0.14814814814814814,1.0,1.0,0.14814814814814814,1.0,1.0,0.14814814814814814,1.0,1.0
0.15740740740740738,1.0,1.0,0.15740740740740738,1.0,1.0,0.15740740740740738,1.0,1.0,0.15740740740740738,1.0,1.0,0.15740740740740738,1.0,1.0,0.15740740740740738,1.0,1.0,0.15740740740740738,1.0,1.0,0.15740740740740738,1.0,1.0,0.15740740740740738,1.0,1.0
0.15740740740740738,1.0,1.0,0.15740740740740738,1.0,1.0,0.15740740740740738,1.0,1.0,0.15740740740740738,1.0,1.0,0.15740740740740738,1.0,1.0,0.15740740740740738,1.0,1.0,0.15740740740740738,1.0,1.0,0.15740740740740738,1.0,1.0,0.15740740740740738,1.0,1.0
0.16666666666666663,1.0,1.0,0.16666666666666663,1.0,1.0,0.16666666666666663,1.0,1.0,0.16666666666666663,1.0,1.0,0.16666666666666663,1.0,1.0,0.16666666666666663,1.0,1.0,0.16666666666666663,1.0,1.0,0.16666666666666663,1.0,1.0,0.16666666666666663,1.0,1.0
0.16666666666666663,1.0,1.0,0.16666666666666663,1.0,1.0,0.16666666666666663,1.0,1.0,0.16666666666666663,1.0,1.0,0.16666666666666663,1.0,1.0,0.16666666666666663,1.0,1.0,0.16666666666666663,1.0,1.0,0.16666666666666663,1.0,1.0,0.16666666666666663,1.0,1.0
0.17592592592592593,1.0,1.0,0.17592592592592593,1.0,1.0,0.17592592592592593,1.0,1.0,0.17592592592592593,1.0,1.0,0.17592592592592593,1.0,1.0,0.17592592592592593,1.0,1.0,0.17592592592592593,1.0,1.0,0.17592592592592593,1.0,1.0,0.17592592592592593,1.0,1.0
0.17592592592592593,1.0,1.0,0.17592592592592593,1.0,1.0,0.17592592592592593,1.0,1.0,0.17592592592592593,1.0,1.0,0.17592592592592593,1.0,1.0,0.17592592592592593,1.0,1.0,0.17592592592592593,1.0,1.0,0.17592592592592593,1.0,1.0,0.17592592592592593,1.0,1.0
0.18518518518518517,1.0,1.0,0.18518518518518517,1.0,1.0,0.18518518518518517,1.0,1.0,0.18518518518518517,1.0,1.0,0.18518518518518517,1.0,1.0,0.18518518518518517,1.0,1.0,0.18518518518518517,1.0,1.0,0.18518518518518517,1.0,1.0,0.18518518518518517,1.0,1.0
0.18518518518518517,1.0,1.0,0.18518518518518517,1.0,1.0,0.18518518518518517,1.0,1.0,0.18518518518518517,1.0,1.0,0.18518518518518517,1.0,1.0,0.18518518518518517,1.0,1.0,0.18518518518518517,1.0,1.0,0.18518518518518517,1.0,1.0,0.18518518518518517,1.0,1.0
0.19444444444444442,1.0,1.0,0.19444444444444442,1.0,1.0,0.19444444444444442,1.0,1.0,0.19444444444444442,1.0,1.0,0.19444444444444442,1.0,1.0,0.19444444444444442,1.0,1.0,0.19444444444444442,1.0,1.0,0.19444444444444442,1.0,1.0,0.19444444444444442,1.0,1.0
0.19444444444444442,1.0,1.0,0.19444444444444442,1.0,1.0,0.19444444444444442,1.0,1.0,0.19444444444444442,1.0,1.0,0.19444444444444442,1.0,1.0,0.19444444444444442,1.0,1.0,0.19444444444444442,1.0,1.0,0.19444444444444442,1.0,1.0,0.19444444444444442,1.0,1.0
0.20370370370370366,1.0,1.0,0.20370370370370366,1.0,1.0,0.20370370370370366,1.0,1.0,0.20370370370370366,1.0,1.0,0.20370370370370366,1.0,1.0,0.20370370370370366,1.0,1.0,0.20370370370370366,1.0,1.0,0.20370370370370366,1.0,1.0,0.20370370370370366,1.0,1.0
0.20370370370370366,1.0,1.0,0.20370370370370366,1.0,1.0,0.20370370370370366,1.0,1.0,0.20370370370370366,1.0,1.0,0.20370370370370366,1.0,1.0,0.20370370370370366,1.0,1.0,0.20370370370370366,1.0,1.0,0.20370370370370366,1.0,1.0,0.20370370370370366,1.0,1.0
0.21296296296296297,1.0,1.0,0.21296296296296297,1.0,1.0,0.21296296296296297,1.0,1.0,0.21296296296296297,1.0,1.0,0.21296296296296297,1.0,1.0,0.21296296296296297,1.0,1.0,0.21296296296296297,1.0,1.0,0.21296296296296297,1.0,1.0,0.21296296296296297,1.0,1.0
0.21296296296296297,1.0,1.0,0.21296296296296297,1.0,1.0,0.21296296296296297,1.0,1.0,0.21296296296296297,1.0,1.0,0.21296296296296297,1.0,1.0,0.21296296296296297,1.0,1.0,0.21296296296296297,1.0,1.0,0.21296296296296297,1.0,1.0,0.21296296296296297,1.0,1.0
0.2222222222222222,1.0,1.0,0.2222222222222222,1.0,1.0,0.2222222222222222,1.0,1.0,0.2222222222222222,1.0,1.0,0.2222222222222222,1.0,1.0,0.2222222222222222,1.0,1.0,0.2222222222222222,1.0,1.0,0.2222222222222222,1.0,1.0,0.2222222222222222,1.0,1.0
0.2222222222222222,1.0,1.0,0.2222222222222222,1.0,1.0,0.2222222222222222,1.0,1.0,0.2222222222222222,1.0,1.0,0.2222222222222222,1.0,1.0,0.2222222222222222,1.0,1.0,0.2222222222222222,1.0,1.0,0.2222222222222222,1.0,1.0,0.2222222222222222,1.0,1.0
0.23148148148148145,1.0,1.0,0.23148148148148145,1.0,1.0,0.23148148148148145,1.0,1.0,0.23148148148148145,1.0,1.0,0.23148148148148145,1.0,1.0,0.23148148148148145,1.0,1.0,0.23148148148148145,1.0,1.0,0.23148148148148145,1.0,1.0,0.23148148148148145,1.0,1.0
0.23148148148148145,1.0,1.0,0.23148148148148145,1.0,1.0,0.23148148148148145,1.0,1.0,0.23148148148148145,1.0,1.0,0.23148148148148145,1.0,1.0,0.23148148148148145,1.0,1.0,0.23148148148148145,1.0,1.0,0.23148148148148145,1.0,1.0,0.23148148148148145,1.0,1.0
0.2407407407407407,1.0,1.0,0.2407407407407407,1.0,1.0,0.2407407407407407,1.0,1.0,0.2407407407407407,1.0,1.0,0.2407407407407407,1.0,1.0,0.2407407407407407,1.0,1.0,0.2407407407407407,1.0,1.0,0.2407407407407407,1.0,1.0,0.2407407407407407,1.0,1.0
0.2407407407407407,1.0,1.0,0.2407407407407407,1.0,1.0,0.2407407407407407,1.0,1.0,0.2407407407407407,1.0,1.0,0.2407407407407407,1.0,1.0,0.2407407407407407,1.0,1.0,0.2407407407407407,1.0,1.0,0.2407407407407407,1.0,1.0,0.2407407407407407,1.0,1.0
0.25,1.0,1.0,0.25,1.0,1.0,0.25,1.0,1.0,0.25,1.0,1.0,0.25,1.0,1.0,0.25,1.0,1.0,0.25,1.0,1.0,0.25,1.0,1.0,0.25,1.0,1.0
0.25,1.0,1.0,0.25,1.0,1.0,0.25,1.0,1.0,0.25,1.0,1.0,0.25,1.0,1.0,0.25,1.0,1.0,0.25,1.0,1.0,0.25,1.0,1.0,0.25,1.0,1.0
0.25925925925925924,1.0,1.0,0.25925925925925924,1.0,1.0,0.25925925925925924,1.0,1.0,0.25925925925925924,1.0,1.0,0.25925925925925924,1.0,1.0,0.25925925925925924,1.0,1.0,0.25925925925925924,1.0,1.0,0.25925925925925924,1.0,1.0,0.25925925925925924,1.0,1.0
0.25925925925925924,1.0,1.0,0.25925925925925924,1.0,1.0,0.25925925925925924,1.0,1.0,0.25925925925925924,1.0,1.0,0.25925925925925924,1.0,1.0,0.25925925925925924,1.0,1.0,0.25925925925925924,1.0,1.0,0.25925925925925924,1.0,1.0,0.25925925925925924,1.0,1.0
0.2685185185185185,1.0,1.0,0.2685185185185185,1.0,1.0,0.2685185185185185,1.0,1.0,0.2685185185185185,1.0,1.0,0.2685185185185185,1.0,1.0,0.2685185185185185,1.0,1.0,0.2685185185185185,1.0,1.0,0.2685185185185185,1.0,1.0,0.2685185185185185,1.0,1.0
0.2685185185185185,1.0,1.0,0.2685185185185185,1.0,1.0,0.2685185185185185,1.0,1.0,0.2685185185185185,1.0,1.0,0.2685185185185185,1.0,1.0,0.2685185185185185,1.0,1.0,0.2685185185185185,1.0,1.0,0.2685185185185185,1.0,1.0,0.2685185185185185,1.0,1.0
0.27777777777777773,1.0,1.0,0.27777777777777773,1.0,1.0,0.27777777777777773,1.0,1.0,0.27777777777777773,1.0,1.0,0.27777777777777773,1.0,1.0,0.27777777777777773,1.0,1.0,0.27777777777777773,1.0,1.0,0.27777777777777773,1.0,1.0,0.27777777777777773,1.0,1.0
0.27777777777777773,1.0,1.0,0.27777777777777773,1.0,1.0,0.27777777777777773,1.0,1.0,0.27777777777777773,1.0,1.0,0.27777777777777773,1.0,1.0,0.27777777777777773,1.0,1.0,0.27777777777777773,1.0,1.0,0.27777777777777773,1.0,1.0,0.27777777777777773,1.0,1.0
0.28703703703703703,1.0,1.0,0.28703703703703703,1.0,1.0,0.28703703703703703,1.0,1.0,0.28703703703703703,1.0,1.0,0.28703703703703703,1.0,1.0,0.28703703703703703,1.0,1.0,0.28703703703703703,1.0,1.0,0.28703703703703703,1.0,1.0,0.28703703703703703,1.0,1.0
0.28703703703703703,1.0,1.0,0.28703703703703703,1.0,1.0,0.28703703703703703,1.0,1.0,0.28703703703703703,1.0,1.0,0.28703703703703703,1.0,1.0,0.28703703703703703,1.0,1.0,0.28703703703703703,1.0,1.0260869565217392,0.28703703703703703,1.0,1.0268456375838926,0.28703703703703703,1.0,1.0
0.2962962962962963,1.0,1.0,0.2962962962962963,1.0,1.0,0.2962962962962963,1.0,1.0,0.2962962962962963,1.0,1.0,0.2962962962962963,1.0,1.0,0.2962962962962963,1.0,1.0,0.2962962962962963,1.0,1.0260869565217392,0.2962962962962963,1.0,1.0268456375838926,0.2962962962962963,1.0,1.0
0.2962962962962963,1.0,1.0,0.2962962962962963,1.0,1.0,0.2962962962962963,1.0,1.0,0.2962962962962963,1.0,1.0,0.2962962962962963,1.0,1.0566037735849056,0.2962962962962963,1.0,1.0,0.2962962962962963,1.0,1.032258064516129,0.2962962962962963,1.0,1.0769230769230769,0.2962962962962963,1.0,1.0
0.3055555555555555,1.0,1.0,0.3055555555555555,1.0,1.0,0.3055555555555555,1.0,1.0,0.3055555555555555,1.0,1.0,0.3055555555555555,1.0,1.0566037735849056,0.3055555555555555,1.0,1.0,0.3055555555555555,1.0,1.032258064516129,0.3055555555555555,1.0,1.0769230769230769,0.3055555555555555,1.0,1.0
0.3055555555555555,1.0,1.0,0.3055555555555555,1.0,1.0,0.3055555555555555,1.0,1.0,0.3055555555555555,1.0,1.0,0.3055555555555555,1.0,1.0625,0.3055555555555555,1.0,1.1142857142857143,0.3055555555555555,1.0,1.032258064516129,0.3055555555555555,1.0,1.1081081081081081,0.3055555555555555,1.0,1.0
0.31481481481481477,1.0,1.0,0.31481481481481477,1.0,1.0,0.31481481481481477,1.0,1.0,0.31481481481481477,1.0,1.0,0.31481481481481477,1.0,1.0625,0.31481481481481477,1.0,1.1142857142857143,0.31481481481481477,1.0,1.032258064516129,0.31481481481481477,1.0,1.1081081081081081,0.31481481481481477,1.0,1.0
0.31481481481481477,1.0,1.0,0.31481481481481477,1.0,1.0,0.31481481481481477,1.0,1.0,0.31481481481481477,1.0,1.0,0.31481481481481477,1.0,1.1142857142857143,0.31481481481481477,1.0,1.2,0.31481481481481477,1.0,1.0625,0.31481481481481477,1.0,1.1111111111111112,0.31481481481481477,1.0,1.0
0.324074074074074,1.0,1.0,0.324074074074074,1.0,1.0,0.324074074074074,1.0,1.0,0.324074074074074,1.0,1.0,0.324074074074074,1.0,1.1142857142857143,0.324074074074074,1.0,1.2,0.324074074074074,1.0,1.0625,0.324074074074074,1.0,1.1111111111111112,0.324074074074074,1.0,1.0
0.324074074074074,1.0,1.0,0.324074074074074,1.0,1.0,0.324074074074074,1.0,1.0,0.324074074074074,1.0,1.0,0.324074074074074,1.0,1.148936170212766,0.324074074074074,1.0,1.2105263157894737,0.324074074074074,1.0,1.0769230769230769,0.324074074074074,1.0,1.15625,0.324074074074074,1.0,1.0425531914893618
0.3333333333333333,1.0,1.0,0.3333333333333333,1.0,1.0,0.3333333333333333,1.0,1.0,0.3333333333333333,1.0,1.0,0.3333333333333333,1.0,1.148936170212766,0.3333333333333333,1.0,1.2105263157894737,0.3333333333333333,1.0,1.0769230769230769,0.3333333333333333,1.0,1.15625,0.3333333333333333,1.0,1.0425531914893618
0.3333333333333333,1.0,1.0,0.3333333333333333,1.0,1.0,0.3333333333333333,1.0,1.0,0.3333333333333333,1.0,1.0377358490566038,0.3333333333333333,1.0,1.1730769230769231,0.3333333333333333,1.0,1.2316176470588236,0.3333333333333333,1.0,1.1142857142857143,0.3333333333333333,1.0,1.1583333333333334,0.3333333333333333,1.0,1.0625
0.34259259259259256,1.0,1.0,0.34259259259259256,1.0,1.0,0.34259259259259256,1.0,1.0,0.34259259259259256,1.0,1.0377358490566038,0.34259259259259256,1.0,1.1730769230769231,0.34259259259259256,1.0,1.2316176470588236,0.34259259259259256,1.0,1.1142857142857143,0.34259259259259256,1.0,1.1583333333333334,0.34259259259259256,1.0,1.0625
0.34259259259259256,1.0,1.0,0.34259259259259256,1.0,1.0,0.34259259259259256,1.0,1.0,0.34259259259259256,1.0,1.0689655172413792,0.34259259259259256,1.0,1.2,0.34259259259259256,1.0,1.2352941176470589,0.34259259259259256,1.0,1.1714285714285715,0.34259259259259256,1.0,1.2285714285714286,0.34259259259259256,1.0,1.1081081081081081
0.3518518518518518,1.0,1.0,0.3518518518518518,1.0,1.0,0.3518518518518518,1.0,1.0,0.3518518518518518,1.0,1.0689655172413792,0.3518518518518518,1.0,1.2,0.3518518518518518,1.0,1.2352941176470589,0.3518518518518518,1.0,1.1714285714285715,0.3518518518518518,1.0,1.2285714285714286,0.3518518518518518,1.0,1.1081081081081081
0.3518518518518518,1.0,1.0,0.3518518518518518,1.0,1.0,0.3518518518518518,1.0,1.0,0.3518518518518518,1.0,1.105263157894737,0.3518518518518518,1.0,1.2105263157894737,0.3518518518518518,1.0,1.25,0.3518518518518518,1.0,1.2574257425742574,0.3518518518518518,1.0,1.28125,0.3518518518518518,1.0,1.1342281879194631
0.3611111111111111,1.0,1.0,0.3611111111111111,1.0,1.0,0.3611111111111111,1.0,1.0,0.3611111111111111,1.0,1.105263157894737,0.3611111111111111,1.0,1.2105263157894737,0.3611111111111111,1.0,1.25,0.3611111111111111,1.0,1.2574257425742574,0.3611111111111111,1.0,1.28125,0.3611111111111111,1.0,1.1342281879194631
0.3611111111111111,1.0,1.0,0.3611111111111111,1.0,1.0,0.3611111111111111,1.0,1.0,0.3611111111111111,1.0,1.1142857142857143,0.3611111111111111,1.0,1.2666666666666666,0.3611111111111111,1.0,1.3125,0.3611111111111111,1.0,1.28125,0.3611111111111111,1.0,1.4146341463414633,0.3611111111111111,1.0,1.1726618705035972
0.37037037037037035,1.0,1.0,0.37037037037037035,1.0,1.0,0.37037037037037035,1.0,1.0,0.37037037037037035,1.0,1.1142857142857143,0.37037037037037035,1.0,1.2666666666666666,0.37037037037037035,1.0,1.3125,0.37037037037037035,1.0,1.28125,0.37037037037037035,1.0,1.4146341463414633,0.37037037037037035,1.0,1.1726618705035972
0.37037037037037035,1.0,1.0,0.37037037037037035,1.0,1.0,0.37037037037037035,1.0,1.0,0.37037037037037035,1.0,1.148936170212766,0.37037037037037035,1.0,1.2826086956521738,0.37037037037037035,1.0,1.3181818181818181,0.37037037037037035,1.0,1.2857142857142858,0.37037037037037035,1.0,1.4634146341463414,0.37037037037037035,1.0,1.1825396825396826
0.3796296296296296,1.0,1.0,0.3796296296296296,1.0,1.0,0.3796296296296296,1.0,1.0,0.3796296296296296,1.0,1.148936170212766,0.3796296296296296,1.0,1.2826086956521738,0.3796296296296296,1.0,1.3181818181818181,0.3796296296296296,1.0,1.2857142857142858,0.3796296296296296,1.0,1.4634146341463414,0.3796296296296296,1.0,1.1825396825396826
0.3796296296296296,1.0,1.0,0.3796296296296296,1.0,1.0,0.3796296296296296,1.0,1.1142857142857143,0.3796296296296296,1.0,1.1730769230769231,0.3796296296296296,1.0,1.3181818181818181,0.3796296296296296,1.0,1.3461538461538463,0.3796296296296296,1.0,1.3333333333333333,0.3796296296296296,1.0,1.4901960784313726,0.3796296296296296,1.0,1.25
0.38888888888888884,1.0,1.0,0.38888888888888884,1.0,1.0,0.38888888888888884,1.0,1.1142857142857143,0.38888888888888884,1.0,1.1730769230769231,0.38888888888888884,1.0,1.3181818181818181,0.38888888888888884,1.0,1.3461538461538463,0.38888888888888884,1.0,1.3333333333333333,0.38888888888888884,1.0,1.4901960784313726,0.38888888888888884,1.0,1.25
0.38888888888888884,1.0,1.1142857142857143,0.38888888888888884,1.0,1.0,0.38888888888888884,1.0,1.148936170212766,0.38888888888888884,1.0,1.2,0.38888888888888884,1.0,1.391304347826087,0.38888888888888884,1.0,1.3636363636363635,0.38888888888888884,1.0,1.3846153846153846,0.38888888888888884,1.0,1.5384615384615385,0.38888888888888884,1.0,1.2777777777777777
0.3981481481481481,1.0,1.1142857142857143,0.3981481481481481,1.0,1.0,0.3981481481481481,1.0,1.148936170212766,0.3981481481481481,1.0,1.2,0.3981481481481481,1.0,1.391304347826087,0.3981481481481481,1.0,1.3636363636363635,0.3981481481481481,1.0,1.3846153846153846,0.3981481481481481,1.0,1.5384615384615385,0.3981481481481481,1.0,1.2777777777777777
0.3981481481481481,1.0,1.148936170212766,0.3981481481481481,1.0,1.0,0.3981481481481481,1.0,1.1730769230769231,0.3981481481481481,1.0,1.2038216560509554,0.3981481481481481,1.0,1.4047619047619047,0.3981481481481481,1.0,1.391304347826087,0.3981481481481481,1.0,1.4146341463414633,0.3981481481481481,1.0,1.5660377358490567,0.3981481481481481,1.0,1.3125
0.4074074074074074,1.0,1.148936170212766,0.4074074074074074,1.0,1.0,0.4074074074074074,1.0,1.1730769230769231,0.4074074074074074,1.0,1.2038216560509554,0.4074074074074074,1.0,1.4047619047619047,0.4074074074074074,1.0,1.391304347826087,0.4074074074074074,1.0,1.4146341463414633,0.4074074074074074,1.0,1.5660377358490567,0.4074074074074074,1.0,1.3125
0.4074074074074074,1.0,1.1730769230769231,0.4074074074074074,1.0,1.1142857142857143,0.4074074074074074,1.0,1.2,0.4074074074074074,1.0,1.2666666666666666,0.4074074074074074,1.0,1.4146341463414633,0.4074074074074074,1.0,1.3994565217391304,0.4074074074074074,1.0,1.4545454545454546,0.4074074074074074,1.0,1.5892857142857142,0.4074074074074074,1.0,1.3461538461538463
0.41666666666666663,1.0,1.1730769230769231,0.41666666666666663,1.0,1.1142857142857143,0.41666666666666663,1.0,1.2,0.41666666666666663,1.0,1.2666666666666666,0.41666666666666663,1.0,1.4146341463414633,0.41666666666666663,1.0,1.3994565217391304,0.41666666666666663,1.0,1.4545454545454546,0.41666666666666663,1.0,1.5892857142857142,0.41666666666666663,1.0,1.3461538461538463
0.41666666666666663,1.0,1.2,0.41666666666666663,1.0,1.148936170212766,0.41666666666666663,1.0,1.2666666666666666,0.41666666666666663,1.0,1.2702702702702702,0.41666666666666663,1.0,1.4318181818181819,0.41666666666666663,1.0,1.4047619047619047,0.41666666666666663,1.0,1.4901960784313726,0.41666666666666663,1.0,1.6,0.41666666666666663,1.0,1.4375
0.4259259259259259,1.0,1.2,0.4259259259259259,1.0,1.148936170212766,0.4259259259259259,1.0,1.2666666666666666,0.4259259259259259,1.0,1.2702702702702702,0.4259259259259259,1.0,1.4318181818181819,0.4259259259259259,1.0,1.4047619047619047,0.4259259259259259,1.0,1.4901960784313726,0.4259259259259259,1.0,1.6,0.4259259259259259,1.0,1.4375
0.4259259259259259,1.0,1.21875,0.4259259259259259,1.0,1.1730769230769231,0.4259259259259259,1.0,1.2702702702702702,0.4259259259259259,1.0,1.3181818181818181,0.4259259259259259,1.0,1.4320987654320987,0.4259259259259259,1.0,1.4146341463414633,0.4259259259259259,1.0,1.5384615384615385,0.4259259259259259,1.0,1.6153846153846154,0.4259259259259259,1.0,1.5
0.4351851851851852,1.0,1.21875,0.4351851851851852,1.0,1.1730769230769231,0.4351851851851852,1.0,1.2702702702702702,0.4351851851851852,1.0,1.3181818181818181,0.4351851851851852,1.0,1.4320987654320987,0.4351851851851852,1.0,1.4146341463414633,0.4351851851851852,1.0,1.5384615384615385,0.4351851851851852,1.0,1.6153846153846154,0.4351851851851852,1.0,1.5
0.4351851851851852,1.0,1.2352941176470589,0.4351851851851852,1.0,1.2,0.4351851851851852,1.0,1.3181818181818181,0.4351851851851852,1.0,1.4,0.4351851851851852,1.0,1.4482758620689655,0.4351851851851852,1.0,1.4375,0.4351851851851852,1.0,1.5416666666666667,0.4351851851851852,1.0,1.6938775510204083,0.4351851851851852,1.0,1.5714285714285714
0.4444444444444444,1.0,1.2352941176470589,0.4444444444444444,1.0,1.2,0.4444444444444444,1.0,1.3181818181818181,0.4444444444444444,1.0,1.4,0.4444444444444444,1.0,1.4482758620689655,0.4444444444444444,1.0,1.4375,0.4444444444444444,1.0,1.5416666666666667,0.4444444444444444,1.0,1.6938775510204083,0.4444444444444444,1.0,1.5714285714285714
0.4444444444444444,1.0,1.2666666666666666,0.4444444444444444,1.0,1.2666666666666666,0.4444444444444444,1.0,1.369727047146402,0.4444444444444444,1.0,1.4,0.4444444444444444,1.0,1.5384615384615385,0.4444444444444444,1.0,1.4444444444444444,0.4444444444444444,1.0,1.6153846153846154,0.4444444444444444,1.0,1.709090909090909,0.4444444444444444,1.0,1.5714285714285714
0.45370370370370366,1.0,1.2666666666666666,0.45370370370370366,1.0,1.2666666666666666,0.45370370370370366,1.0,1.369727047146402,0.45370370370370366,1.0,1.4,0.45370370370370366,1.0,1.5384615384615385,0.45370370370370366,1.0,1.4444444444444444,0.45370370370370366,1.0,1.6153846153846154,0.45370370370370366,1.0,1.709090909090909,0.45370370370370366,1.0,1.5714285714285714
0.45370370370370366,1.0,1.2702702702702702,0.45370370370370366,1.0,1.2702702702702702,0.45370370370370366,1.0,1.4,0.45370370370370366,1.0,1.4047619047619047,0.45370370370370366,1.0,1.545263157894737,0.45370370370370366,1.0,1.4460431654676258,0.45370370370370366,1.0,1.6762589928057554,0.45370370370370366,1.0,1.7530266343825667,0.45370370370370366,1.0,1.5853658536585367
0.4629629629629629,1.0,1.2702702702702702,0.4629629629629629,1.0,1.2702702702702702,0.4629629629629629,1.0,1.4,0.4629629629629629,1.0,1.4047619047619047,0.4629629629629629,1.0,1.545263157894737,0.4629629629629629,1.0,1.4460431654676258,0.4629629629629629,1.0,1.6762589928057554,0.4629629629629629,1.0,1.7530266343825667,0.4629629629629629,1.0,1.5853658536585367
0.4629629629629629,1.0,1.3181818181818181,0.4629629629629629,1.0,1.3181818181818181,0.4629629629629629,1.0,1.4047619047619047,0.4629629629629629,1.0,1.4318181818181819,0.4629629629629629,1.0,1.5675675675675675,0.4629629629629629,1.0,1.5384615384615385,0.4629629629629629,1.0,1.6770833333333333,0.4629629629629629,1.0,1.8108108108108107,0.4629629629629629,1.0,1.6226415094339623
0.47222222222222215,1.0,1.3181818181818181,0.47222222222222215,1.0,1.3181818181818181,0.47222222222222215,1.0,1.4047619047619047,0.47222222222222215,1.0,1.4318181818181819,0.47222222222222215,1.0,1.5675675675675675,0.47222222222222215,1.0,1.5384615384615385,0.47222222222222215,1.0,1.6770833333333333,0.47222222222222215,1.0,1.8108108108108107,0.47222222222222215,1.0,1.6226415094339623
0.47222222222222215,1.0,1.369727047146402,0.47222222222222215,1.0,1.369727047146402,0.47222222222222215,1.0,1.4318181818181819,0.47222222222222215,1.0,1.5384615384615385,0.47222222222222215,1.0,1.5897435897435896,0.47222222222222215,1.0,1.6136363636363635,0.47222222222222215,1.0,1.711340206185567,0.47222222222222215,1.0,1.8431372549019607,0.47222222222222215,1.0,1.65
0.48148148148148145,1.0,1.369727047146402,0.48148148148148145,1.0,1.369727047146402,0.48148148148148145,1.0,1.4318181818181819,0.48148148148148145,1.0,1.5384615384615385,0.48148148148148145,1.0,1.5897435897435896,0.48148148148148145,1.0,1.6136363636363635,0.48148148148148145,1.0,1.711340206185567,0.48148148148148145,1.0,1.8431372549019607,0.48148148148148145,1.0,1.65
0.48148148148148145,1.0,1.375,0.48148148148148145,1.0,1.4,0.48148148148148145,1.0,1.4782608695652173,0.48148148148148145,1.0,1.5454545454545454,0.48148148148148145,1.0,1.64375,0.48148148148148145,1.0,1.8,0.48148148148148145,1.0,1.8108108108108107,0.48148148148148145,1.0,1.8633093525179856,0.48148148148148145,1.0,1.6585365853658536
0.4907407407407407,1.0,1.375,0.4907407407407407,1.0,1.4,0.4907407407407407,1.0,1.4782608695652173,0.4907407407407407,1.0,1.5454545454545454,0.4907407407407407,1.0,1.64375,0.4907407407407407,1.0,1.8,0.4907407407407407,1.0,1.8108108108108107,0.4907407407407407,1.0,1.8633093525179856,0.4907407407407407,1.0,1.6585365853658536
0.4907407407407407,1.0,1.375,0.4907407407407407,1.0,1.4047619047619047,0.4907407407407407,1.0,1.5,0.4907407407407407,1.0,1.5617977528089888,0.4907407407407407,1.0,1.6486486486486487,0.4907407407407407,1.0,1.8108108108108107,0.4907407407407407,1.0,1.8506944444444444,0.4907407407407407,1.0,1.875,0.4907407407407407,1.0,1.6938775510204083
0.49999999999999994,1.0,1.375,0.49999999999999994,1.0,1.4047619047619047,0.49999999999999994,1.0,1.5,0.49999999999999994,1.0,1.5617977528089888,0.49999999999999994,1.0,1.6486486486486487,0.49999999999999994,1.0,1.8108108108108107,0.49999999999999994,1.0,1.8506944444444444,0.49999999999999994,1.0,1.875,0.49999999999999994,1.0,1.6938775510204083
0.49999999999999994,1.0,1.4,0.49999999999999994,1.0,1.4318181818181819,0.49999999999999994,1.0,1.5166666666666666,0.49999999999999994,1.0,1.5675675675675675,0.49999999999999994,1.0,1.6666666666666667,0.49999999999999994,1.0,1.9090909090909092,0.49999999999999994,1.0,1.8695652173913044,0.49999999999999994,1.0,2.0606060606060606,0.49999999999999994,1.0,1.7254901960784315
0.5092592592592593,1.0,1.4,0.5092592592592593,1.0,1.4318181818181819,0.5092592592592593,1.0,1.5166666666666666,0.5092592592592593,1.0,1.5675675675675675,0.5092592592592593,1.0,1.6666666666666667,0.5092592592592593,1.0,1.9090909090909092,0.5092592592592593,1.0,1.8695652173913044,0.5092592592592593,1.0,2.0606060606060606,0.5092592592592593,1.0,1.7254901960784315
0.5092592592592593,1.0,1.4047619047619047,0.5092592592592593,1.0,1.456140350877193,0.5092592592592593,1.0,1.5384615384615385,0.5092592592592593,1.0,1.5862068965517242,0.5092592592592593,1.0,1.8625954198473282,0.5092592592592593,1.0,1.9318181818181819,0.5092592592592593,1.0,1.880952380952381,0.5092592592592593,1.0,2.0774818401937045,0.5092592592592593,1.0,1.8928571428571428
0.5185185185185185,1.0,1.4047619047619047,0.5185185185185185,1.0,1.456140350877193,0.5185185185185185,1.0,1.5384615384615385,0.5185185185185185,1.0,1.5862068965517242,0.5185185185185185,1.0,1.8625954198473282,0.5185185185185185,1.0,1.9318181818181819,0.5185185185185185,1.0,1.880952380952381,0.5185185185185185,1.0,2.0774818401937045,0.5185185185185185,1.0,1.8928571428571428
0.5185185185185185,1.0,1.4318181818181819,0.5185185185185185,1.0,1.5166666666666666,0.5185185185185185,1.0,1.5405405405405406,0.5185185185185185,1.0,1.5897435897435896,0.5185185185185185,1.0,1.9236641221374047,0.5185185185185185,1.0,1.9733333333333334,0.5185185185185185,1.0,1.9733333333333334,0.5185185185185185,1.0,2.0952380952380953,0.5185185185185185,1.0,1.9064748201438848
0.5277777777777778,1.0,1.4318181818181819,0.5277777777777778,1.0,1.5166666666666666,0.5277777777777778,1.0,1.5405405405405406,0.5277777777777778,1.0,1.5897435897435896,0.5277777777777778,1.0,1.9236641221374047,0.5277777777777778,1.0,1.9733333333333334,0.5277777777777778,1.0,1.9733333333333334,0.5277777777777778,1.0,2.0952380952380953,0.5277777777777778,1.0,1.9064748201438848
0.5277777777777778,1.0,1.4871794871794872,0.5277777777777778,1.0,1.5384615384615385,0.5277777777777778,1.0,1.5862068965517242,0.5277777777777778,1.0,1.8625954198473282,0.5277777777777778,1.0,1.9285714285714286,0.5277777777777778,1.0,1.9743589743589745,0.5277777777777778,1.0,2.0,0.5277777777777778,1.0,2.449438202247191,0.5277777777777778,1.0,2.0606060606060606
0.5370370370370371,1.0,1.4871794871794872,0.5370370370370371,1.0,1.5384615384615385,0.5370370370370371,1.0,1.5862068965517242,0.5370370370370371,1.0,1.8625954198473282,0.5370370370370371,1.0,1.9285714285714286,0.5370370370370371,1.0,1.9743589743589745,0.5370370370370371,1.0,2.0,0.5370370370370371,1.0,2.449438202247191,0.5370370370370371,1.0,2.0606060606060606
0.5370370370370371,1.0,1.5,0.5370370370370371,1.0,1.5862068965517242,0.5370370370370371,1.0,1.5897435897435896,0.5370370370370371,1.0,1.9236641221374047,0.5370370370370371,1.0,1.9733333333333334,0.5370370370370371,1.0,2.033707865168539,0.5370370370370371,1.0,2.0606060606060606,0.5370370370370371,1.0,2.4583333333333335,0.5370370370370371,1.0,2.15625
0.5462962962962963,1.0,1.5,0.5462962962962963,1.0,1.5862068965517242,0.5462962962962963,1.0,1.5897435897435896,0.5462962962962963,1.0,1.9236641221374047,0.5462962962962963,1.0,1.9733333333333334,0.5462962962962963,1.0,2.033707865168539,0.5462962962962963,1.0,2.0606060606060606,0.5462962962962963,1.0,2.4583333333333335,0.5462962962962963,1.0,2.15625
0.5462962962962963,1.0,1.5166666666666666,0.5462962962962963,1.018181818181818,1.5897435897435896,0.5462962962962963,1.0,1.6349206349206349,0.5462962962962963,1.0,1.9285714285714286,0.5462962962962963,1.0,2.0303030303030303,0.5462962962962963,1.0,2.0606060606060606,0.5462962962962963,1.0,2.330188679245283,0.5462962962962963,1.0,2.4761904761904763,0.5462962962962963,1.0,2.184331797235023
0.5555555555555556,1.0,1.5166666666666666,0.5555555555555556,1.018181818181818,1.5897435897435896,0.5555555555555556,1.0,1.6349206349206349,0.5555555555555556,1.0,1.9285714285714286,0.5555555555555556,1.0,2.0303030303030303,0.5555555555555556,1.0,2.0606060606060606,0.5555555555555556,1.0,2.330188679245283,0.5555555555555556,1.0,2.4761904761904763,0.5555555555555556,1.0,2.184331797235023
0.5555555555555556,1.0,1.5384615384615385,0.5555555555555556,1.0232558139534884,1.6875,0.5555555555555556,1.0,1.8625954198473282,0.5555555555555556,1.0,1.9733333333333334,0.5555555555555556,1.0,2.08,0.5555555555555556,1.0,2.330188679245283,0.5555555555555556,1.0,2.4,0.5555555555555556,1.0,2.5217391304347827,0.5555555555555556,1.0,2.4761904761904763
0.5648148148148149,1.0,1.5384615384615385,0.5648148148148149,1.0232558139534884,1.6875,0.5648148148148149,1.0,1.8625954198473282,0.5648148148148149,1.0,1.9733333333333334,0.5648148148148149,1.0,2.08,0.5648148148148149,1.0,2.330188679245283,0.5648148148148149,1.0,2.4,0.5648148148148149,1.0,2.5217391304347827,0.5648148148148149,1.0,2.4761904761904763
0.5648148148148149,1.018181818181818,1.5862068965517242,0.5648148148148149,1.0654205607476634,1.8,0.5648148148148149,1.0,1.9236641221374047,0.5648148148148149,1.0,2.0434782608695654,0.5648148148148149,1.0,2.1538461538461537,0.5648148148148149,1.0,2.4,0.5648148148148149,1.0,2.4761904761904763,0.5648148148148149,1.0,2.5555555555555554,0.5648148148148149,1.069767441860465,2.5217391304347827
0.5740740740740741,1.018181818181818,1.5862068965517242,0.5740740740740741,1.0654205607476634,1.8,0.5740740740740741,1.0,1.9236641221374047,0.5740740740740741,1.0,2.0434782608695654,0.5740740740740741,1.0,2.1538461538461537,0.5740740740740741,1.0,2.4,0.5740740740740741,1.0,2.4761904761904763,0.5740740740740741,1.0,2.5555555555555554,0.5740740740740741,1.069767441860465,2.5217391304347827
0.5740740740740741,1.0232558139534884,1.5897435897435896,0.5740740740740741,1.0952380952380953,1.8625954198473282,0.5740740740740741,1.018181818181818,1.9285714285714286,0.5740740740740741,1.0,2.05,0.5740740740740741,1.0,2.2903225806451615,0.5740740740740741,1.0,2.471830985915493,0.5740740740740741,1.0,2.4927536231884058,0.5740740740740741,1.0,2.6666666666666665,0.5740740740740741,1.0714285714285714,2.5434782608695654
0.5833333333333334,1.0232558139534884,1.5897435897435896,0.5833333333333334,1.0952380952380953,1.8625954198473282,0.5833333333333334,1.018181818181818,1.9285714285714286,0.5833333333333334,1.0,2.05,0.5833333333333334,1.0,2.2903225806451615,0.5833333333333334,1.0,2.471830985915493,0.5833333333333334,1.0,2.4927536231884058,0.5833333333333334,1.0,2.6666666666666665,0.5833333333333334,1.0714285714285714,2.5434782608695654
0.5833333333333334,1.0654205607476634,1.6,0.5833333333333334,1.1666666666666667,1.9236641221374047,0.5833333333333334,1.0232558139534884,1.9375,0.5833333333333334,1.0,2.08,0.5833333333333334,1.0,2.45,0.5833333333333334,1.0,2.4761904761904763,0.5833333333333334,1.0,2.5217391304347827,0.5833333333333334,1.0,2.8421052631578947,0.5833333333333334,1.1063829787234043,2.5833333333333335
0.5925925925925926,1.0654205607476634,1.6,0.5925925925925926,1.1666666666666667,1.9236641221374047,0.5925925925925926,1.0232558139534884,1.9375,0.5925925925925926,1.0,2.08,0.5925925925925926,1.0,2.45,0.5925925925925926,1.0,2.4761904761904763,0.5925925925925926,1.0,2.5217391304347827,0.5925925925925926,1.0,2.8421052631578947,0.5925925925925926,1.1063829787234043,2.5833333333333335
0.5925925925925926,1.0952380952380953,1.8,0.5925925925925926,1.2,1.9285714285714286,0.5925925925925926,1.0654205607476634,1.9733333333333334,0.5925925925925926,1.0,2.1374045801526718,0.5925925925925926,1.0,2.4761904761904763,0.5925925925925926,1.0,2.540983606557377,0.5925925925925926,1.0,2.5669291338582676,0.5925925925925926,1.0,2.857142857142857,0.5925925925925926,1.1156583629893237,2.6666666666666665
0.6018518518518519,1.0952380952380953,1.8,0.6018518518518519,1.2,1.9285714285714286,0.6018518518518519,1.0654205607476634,1.9733333333333334,0.6018518518518519,1.0,2.1374045801526718,0.6018518518518519,1.0,2.4761904761904763,0.6018518518518519,1.0,2.540983606557377,0.6018518518518519,1.0,2.5669291338582676,0.6018518518518519,1.0,2.857142857142857,0.6018518518518519,1.1156583629893237,2.6666666666666665
0.6018518518518519,1.1666666666666667,1.8,0.6018518518518519,1.2,1.9733333333333334,0.6018518518518519,1.0909090909090908,2.0434782608695654,0.6018518518518519,1.018181818181818,2.193548387096774,0.6018518518518519,1.0,2.607142857142857,0.6018518518518519,1.0,2.619047619047619,0.6018518518518519,1.0285714285714285,2.84375,0.6018518518518519,1.0681818181818181,2.9375,0.6018518518518519,1.1367521367521367,2.8115942028985508
0.6111111111111112,1.1666666666666667,1.8,0.6111111111111112,1.2,1.9733333333333334,0.6111111111111112,1.0909090909090908,2.0434782608695654,0.6111111111111112,1.018181818181818,2.193548387096774,0.6111111111111112,1.0,2.607142857142857,0.6111111111111112,1.0,2.619047619047619,0.6111111111111112,1.0285714285714285,2.84375,0.6111111111111112,1.0681818181818181,2.9375,0.6111111111111112,1.1367521367521367,2.8115942028985508
0.6111111111111112,1.2207792207792207,1.8625954198473282,0.6111111111111112,1.2207792207792207,2.0434782608695654,0.6111111111111112,1.0952380952380953,2.08,0.6111111111111112,1.0232558139534884,2.3333333333333335,0.6111111111111112,1.0,2.7017543859649122,0.6111111111111112,1.0,2.807017543859649,0.6111111111111112,1.0714285714285714,2.9375,0.6111111111111112,1.069767441860465,3.0526315789473686,0.6111111111111112,1.1923076923076923,2.9375
0.6203703703703703,1.2207792207792207,1.8625954198473282,0.6203703703703703,1.2207792207792207,2.0434782608695654,0.6203703703703703,1.0952380952380953,2.08,0.6203703703703703,1.0232558139534884,2.3333333333333335,0.6203703703703703,1.0,2.7017543859649122,0.6203703703703703,1.0,2.807017543859649,0.6203703703703703,1.0714285714285714,2.9375,0.6203703703703703,1.069767441860465,3.0526315789473686,0.6203703703703703,1.1923076923076923,2.9375
0.6203703703703703,1.2926829268292683,1.9236641221374047,0.6203703703703703,1.2926829268292683,2.0588235294117645,0.6203703703703703,1.125,2.3181818181818183,0.6203703703703703,1.0625,2.3461538461538463,0.6203703703703703,1.018181818181818,2.7444444444444445,0.6203703703703703,1.0458715596330275,2.8947368421052633,0.6203703703703703,1.0714285714285714,3.0526315789473686,0.6203703703703703,1.0714285714285714,3.0588235294117645,0.6203703703703703,1.25,3.0526315789473686
0.6296296296296297,1.2926829268292683,1.9236641221374047,0.6296296296296297,1.2926829268292683,2.0588235294117645,0.6296296296296297,1.125,2.3181818181818183,0.6296296296296297,1.0625,2.3461538461538463,0.6296296296296297,1.018181818181818,2.7444444444444445,0.6296296296296297,1.0458715596330275,2.8947368421052633,0.6296296296296297,1.0714285714285714,3.0526315789473686,0.6296296296296297,1.0714285714285714,3.0588235294117645,0.6296296296296297,1.25,3.0526315789473686
0.6296296296296297,1.3259668508287292,1.9285714285714286,0.6296296296296297,1.3333333333333333,2.08,0.6296296296296297,1.1304347826086956,2.3333333333333335,0.6296296296296297,1.0654205607476634,2.4342105263157894,0.6296296296296297,1.0625,2.76,0.6296296296296297,1.0714285714285714,2.9375,0.6296296296296297,1.125,3.0588235294117645,0.6296296296296297,1.1923076923076923,3.150943396226415,0.6296296296296297,1.2815533980582525,3.0588235294117645
0.6388888888888888,1.3259668508287292,1.9285714285714286,0.6388888888888888,1.3333333333333333,2.08,0.6388888888888888,1.1304347826086956,2.3333333333333335,0.6388888888888888,1.0654205607476634,2.4342105263157894,0.6388888888888888,1.0625,2.76,0.6388888888888888,1.0714285714285714,2.9375,0.6388888888888888,1.125,3.0588235294117645,0.6388888888888888,1.1923076923076923,3.150943396226415,0.6388888888888888,1.2815533980582525,3.0588235294117645
0.6388888888888888,1.3333333333333333,1.9733333333333334,0.6388888888888888,1.3440860215053763,2.131284916201117,0.6388888888888888,1.2,2.4761904761904763,0.6388888888888888,1.0666666666666667,2.4761904761904763,0.6388888888888888,1.0654205607476634,2.8823529411764706,0.6388888888888888,1.1428571428571428,2.9642857142857144,0.6388888888888888,1.1428571428571428,3.3749999999999996,0.6388888888888888,1.1944444444444444,3.370909090909091,0.6388888888888888,1.2857142857142858,3.1052631578947367
0.6481481481481481,1.3333333333333333,1.9733333333333334,0.6481481481481481,1.3440860215053763,2.131284916201117,0.6481481481481481,1.2,2.4761904761904763,0.6481481481481481,1.0666666666666667,2.4761904761904763,0.6481481481481481,1.0654205607476634,2.8823529411764706,0.6481481481481481,1.1428571428571428,2.9642857142857144,0.6481481481481481,1.1428571428571428,3.3749999999999996,0.6481481481481481,1.1944444444444444,3.370909090909091,0.6481481481481481,1.2857142857142858,3.1052631578947367
0.6481481481481481,1.3333333333333333,2.08,0.6481481481481481,1.4,2.272727272727273,0.6481481481481481,1.2207792207792207,2.7,0.6481481481481481,1.0952380952380953,2.5652173913043477,0.6481481481481481,1.1132075471698113,2.9375,0.6481481481481481,1.1923076923076923,3.0588235294117645,0.6481481481481481,1.1923076923076923,3.3962264150943398,0.6481481481481481,1.25,3.3962264150943398,0.6481481481481481,1.3877551020408163,3.1059907834101383
0.6574074074074074,1.3333333333333333,2.08,0.6574074074074074,1.4,2.272727272727273,0.6574074074074074,1.2207792207792207,2.7,0.6574074074074074,1.0952380952380953,2.5652173913043477,0.6574074074074074,1.1132075471698113,2.9375,0.6574074074074074,1.1923076923076923,3.0588235294117645,0.6574074074074074,1.1923076923076923,3.3962264150943398,0.6574074074074074,1.25,3.3962264150943398,0.6574074074074074,1.3877551020408163,3.1059907834101383
0.6574074074074074,1.3440860215053763,2.3181818181818183,0.6574074074074074,1.4024390243902438,2.3181818181818183,0.6574074074074074,1.2926829268292683,2.7017543859649122,0.6574074074074074,1.205607476635514,2.7017543859649122,0.6574074074074074,1.2,3.0588235294117645,0.6574074074074074,1.1935483870967742,3.141509433962264,0.6574074074074074,1.1935483870967742,3.830508474576271,0.6574074074074074,1.2682926829268293,3.8505747126436782,0.6574074074074074,1.4130434782608696,3.4608294930875574
0.6666666666666666,1.3440860215053763,2.3181818181818183,0.6666666666666666,1.4024390243902438,2.3181818181818183,0.6666666666666666,1.2926829268292683,2.7017543859649122,0.6666666666666666,1.205607476635514,2.7017543859649122,0.6666666666666666,1.2,3.0588235294117645,0.6666666666666666,1.1935483870967742,3.141509433962264,0.6666666666666666,1.1935483870967742,3.830508474576271,0.6666666666666666,1.2682926829268293,3.8505747126436782,0.6666666666666666,1.4130434782608696,3.4608294930875574
0.6666666666666666,1.4,2.3333333333333335,0.6666666666666666,1.4375,2.3333333333333335,0.6666666666666666,1.3440860215053763,2.7567567567567566,0.6666666666666666,1.2207792207792207,2.9375,0.6666666666666666,1.2142857142857142,3.522222222222222,0.6666666666666666,1.2207792207792207,3.2,0.6666666666666666,1.2682926829268293,3.8505747126436782,0.6666666666666666,1.2717391304347827,3.933333333333333,0.6666666666666666,1.4444444444444444,4.651685393258427
0.6759259259259259,1.4,2.3333333333333335,0.6759259259259259,1.4375,2.3333333333333335,0.6759259259259259,1.3440860215053763,2.7567567567567566,0.6759259259259259,1.2207792207792207,2.9375,0.6759259259259259,1.2142857142857142,3.522222222222222,0.6759259259259259,1.2207792207792207,3.2,0.6759259259259259,1.2682926829268293,3.8505747126436782,0.6759259259259259,1.2717391304347827,3.933333333333333,0.6759259259259259,1.4444444444444444,4.651685393258427
0.6759259259259259,1.4024390243902438,2.3559322033898304,0.6759259259259259,1.4705882352941178,2.5652173913043477,0.6759259259259259,1.4,2.9375,0.6759259259259259,1.32,3.0588235294117645,0.6759259259259259,1.2207792207792207,3.6101694915254234,0.6759259259259259,1.2758620689655173,3.430379746835443,0.6759259259259259,1.2758620689655173,4.033707865168539,0.6759259259259259,1.2758620689655173,4.033707865168539,0.6759259259259259,1.7205882352941178,4.9381818181818184
0.6851851851851852,1.4024390243902438,2.3559322033898304,0.6851851851851852,1.4705882352941178,2.5652173913043477,0.6851851851851852,1.4,2.9375,0.6851851851851852,1.32,3.0588235294117645,0.6851851851851852,1.2207792207792207,3.6101694915254234,0.6851851851851852,1.2758620689655173,3.430379746835443,0.6851851851851852,1.2758620689655173,4.033707865168539,0.6851851851851852,1.2758620689655173,4.033707865168539,0.6851851851851852,1.7205882352941178,4.9381818181818184
0.6851851851851852,1.4435483870967742,2.5555555555555554,0.6851851851851852,1.4857142857142858,2.59375,0.6851851851851852,1.4024390243902438,3.05,0.6851851851851852,1.3440860215053763,3.1621621621621623,0.6851851851851852,1.3,4.023255813953488,0.6851851851851852,1.3333333333333333,3.6101694915254234,0.6851851851851852,1.2987012987012987,4.085365853658536,0.6851851851851852,1.3333333333333333,4.7317073170731705,0.6851851851851852,1.8181818181818181,5.109756097560974
0.6944444444444444,1.4435483870967742,2.5555555555555554,0.6944444444444444,1.4857142857142858,2.59375,0.6944444444444444,1.4024390243902438,3.05,0.6944444444444444,1.3440860215053763,3.1621621621621623,0.6944444444444444,1.3,4.023255813953488,0.6944444444444444,1.3333333333333333,3.6101694915254234,0.6944444444444444,1.2987012987012987,4.085365853658536,0.6944444444444444,1.3333333333333333,4.7317073170731705,0.6944444444444444,1.8181818181818181,5.109756097560974
0.6944444444444444,1.4857142857142858,2.7017543859649122,0.6944444444444444,1.5301204819277108,2.7017543859649122,0.6944444444444444,1.4857142857142858,3.0588235294117645,0.6944444444444444,1.4,3.2,0.6944444444444444,1.3440860215053763,4.073170731707317,0.6944444444444444,1.3440860215053763,3.6604938271604937,0.6944444444444444,1.3440860215053763,4.434782608695651,0.6944444444444444,1.4130434782608696,5.294372294372295,0.6944444444444444,2.5,5.294372294372295
0.7037037037037037,1.4857142857142858,2.7017543859649122,0.7037037037037037,1.5301204819277108,2.7017543859649122,0.7037037037037037,1.4857142857142858,3.0588235294117645,0.7037037037037037,1.4,3.2,0.7037037037037037,1.3440860215053763,4.073170731707317,0.7037037037037037,1.3440860215053763,3.6604938271604937,0.7037037037037037,1.3440860215053763,4.434782608695651,0.7037037037037037,1.4130434782608696,5.294372294372295,0.7037037037037037,2.5,5.294372294372295
0.7037037037037037,1.5,2.875,0.7037037037037037,1.59375,2.736842105263158,0.7037037037037037,1.5280898876404494,3.272727272727273,0.7037037037037037,1.4024390243902438,3.3181818181818183,0.7037037037037037,1.4024390243902438,4.1,0.7037037037037037,1.4024390243902438,4.085365853658536,0.7037037037037037,1.4024390243902438,5.294372294372295,0.7037037037037037,1.4444444444444444,6.285714285714286,0.7037037037037037,126.92697065369289,6.6000000000000005
0.712962962962963,1.5,2.875,0.712962962962963,1.59375,2.736842105263158,0.712962962962963,1.5280898876404494,3.272727272727273,0.712962962962963,1.4024390243902438,3.3181818181818183,0.712962962962963,1.4024390243902438,4.1,0.712962962962963,1.4024390243902438,4.085365853658536,0.712962962962963,1.4024390243902438,5.294372294372295,0.712962962962963,1.4444444444444444,6.285714285714286,0.712962962962963,126.92697065369289,6.6000000000000005
0.712962962962963,1.5,2.9375,0.712962962962963,1.6153846153846154,2.9375,0.712962962962963,1.5301204819277108,3.318840579710145,0.712962962962963,1.40990990990991,3.5652173913043477,0.712962962962963,1.4375,4.434782608695651,0.712962962962963,1.4857142857142858,4.300000000000001,0.712962962962963,1.7951807228915662,5.5,0.712962962962963,1.4761904761904763,6.5,0.712962962962963,126.92697065369289,7.428571428571428
0.7222222222222222,1.5,2.9375,0.7222222222222222,1.6153846153846154,2.9375,0.7222222222222222,1.5301204819277108,3.318840579710145,0.7222222222222222,1.40990990990991,3.5652173913043477,0.7222222222222222,1.4375,4.434782608695651,0.7222222222222222,1.4857142857142858,4.300000000000001,0.7222222222222222,1.7951807228915662,5.5,0.7222222222222222,1.4761904761904763,6.5,0.7222222222222222,126.92697065369289,7.428571428571428
0.7222222222222222,1.5301204819277108,3.142857142857143,0.7222222222222222,1.9166666666666667,3.0588235294117645,0.7222222222222222,1.5586206896551724,3.6101694915254234,0.7222222222222222,1.4285714285714286,3.6101694915254234,0.7222222222222222,1.4857142857142858,5.294372294372295,0.7222222222222222,1.5301204819277108,4.434782608695651,0.7222222222222222,1.828125,5.714285714285715,0.7222222222222222,1.7205882352941178,6.714285714285715,0.7222222222222222,126.92697065369289,11.266187050359713
0.7314814814814815,1.5301204819277108,3.142857142857143,0.7314814814814815,1.9166666666666667,3.0588235294117645,0.7314814814814815,1.5586206896551724,3.6101694915254234,0.7314814814814815,1.4285714285714286,3.6101694915254234,0.7314814814814815,1.4857142857142858,5.294372294372295,0.7314814814814815,1.5301204819277108,4.434782608695651,0.7314814814814815,1.828125,5.714285714285715,0.7314814814814815,1.7205882352941178,6.714285714285715,0.7314814814814815,126.92697065369289,11.266187050359713
0.7314814814814815,1.5833333333333333,3.2222222222222223,0.7314814814814815,2.0,3.142857142857143,0.7314814814814815,1.59375,3.9373297002724796,0.7314814814814815,1.4375,4.0,0.7314814814814815,1.5301204819277108,5.750000000000001,0.7314814814814815,1.828125,5.294372294372295,0.7314814814814815,2.1875,5.750000000000001,0.7314814814814815,1.85,10.33812949640288,0.7314814814814815,126.92697065369289,126.92697065369289
0.7407407407407407,1.5833333333333333,3.2222222222222223,0.7407407407407407,2.0,3.142857142857143,0.7407407407407407,1.59375,3.9373297002724796,0.7407407407407407,1.4375,4.0,0.7407407407407407,1.5301204819277108,5.750000000000001,0.7407407407407407,1.828125,5.294372294372295,0.7407407407407407,2.1875,5.750000000000001,0.7407407407407407,1.85,10.33812949640288,0.7407407407407407,126.92697065369289,126.92697065369289
0.7407407407407407,1.59375,3.392857142857143,0.7407407407407407,2.0386740331491713,3.238095238095238,0.7407407407407407,1.6666666666666667,4.0,0.7407407407407407,1.4857142857142858,5.294372294372295,0.7407407407407407,1.59375,5.750000000000001,0.7407407407407407,2.0,5.750000000000001,0.7407407407407407,2.5,10.33812949640288,0.7407407407407407,2.1779026217228465,21.606060606060606,0.7407407407407407,126.92697065369289,126.92697065369289
0.75,1.59375,3.392857142857143,0.75,2.0386740331491713,3.238095238095238,0.75,1.6666666666666667,4.0,0.75,1.4857142857142858,5.294372294372295,0.75,1.59375,5.750000000000001,0.75,2.0,5.750000000000001,0.75,2.5,10.33812949640288,0.75,2.1779026217228465,21.606060606060606,0.75,126.92697065369289,126.92697065369289
0.75,1.6451612903225807,3.6101694915254234,0.75,2.1147540983606556,3.6101694915254234,0.75,1.7,5.294372294372295,0.75,1.5301204819277108,5.750000000000001,0.75,2.0,6.571428571428572,0.75,2.25,5.916666666666668,0.75,2.7777777777777777,106.87692148439525,0.75,2.5,466.82185491276397,0.75,126.92697065369289,126.92697065369289
0.7592592592592593,1.6451612903225807,3.6101694915254234,0.7592592592592593,2.1147540983606556,3.6101694915254234,0.7592592592592593,1.7,5.294372294372295,0.7592592592592593,1.5301204819277108,5.750000000000001,0.7592592592592593,2.0,6.571428571428572,0.7592592592592593,2.25,5.916666666666668,0.7592592592592593,2.7777777777777777,106.87692148439525,0.7592592592592593,2.5,466.82185491276397,0.7592592592592593,126.92697065369289,126.92697065369289
0.7592592592592593,1.8166666666666667,4.0,0.7592592592592593,2.1666666666666665,4.0,0.7592592592592593,1.7647058823529411,5.750000000000001,0.7592592592592593,1.59375,5.750000000000001,0.7592592592592593,2.25,7.571428571428571,0.7592592592592593,4.172727272727273,10.33812949640288,0.7592592592592593,2.8250950570342206,106.87692148439525,0.7592592592592593,466.82185491276397,466.82185491276397,0.7592592592592593,126.92697065369289,126.92697065369289
0.7685185185185185,1.8166666666666667,4.0,0.7685185185185185,2.1666666666666665,4.0,0.7685185185185185,1.7647058823529411,5.750000000000001,0.7685185185185185,1.59375,5.750000000000001,0.7685185185185185,2.25,7.571428571428571,0.7685185185185185,4.172727272727273,10.33812949640288,0.7685185185185185,2.8250950570342206,106.87692148439525,0.7685185185185185,466.82185491276397,466.82185491276397,0.7685185185185185,126.92697065369289,126.92697065369289
0.7685185185185185,2.0,5.035714285714286,0.7685185185185185,2.25,5.294372294372295,0.7685185185185185,1.9933774834437086,5.750000000000001,0.7685185185185185,2.0,6.571428571428572,0.7685185185185185,2.3181818181818183,10.33812949640288,0.7685185185185185,4.7142857142857135,106.87692148439525,0.7685185185185185,106.87692148439525,106.87692148439525,0.7685185185185185,466.82185491276397,466.82185491276397,0.7685185185185185,126.92697065369289,126.92697065369289
0.7777777777777778,2.0,5.035714285714286,0.7777777777777778,2.25,5.294372294372295,0.7777777777777778,1.9933774834437086,5.750000000000001,0.7777777777777778,2.0,6.571428571428572,0.7777777777777778,2.3181818181818183,10.33812949640288,0.7777777777777778,4.7142857142857135,106.87692148439525,0.7777777777777778,106.87692148439525,106.87692148439525,0.7777777777777778,466.82185491276397,466.82185491276397,0.7777777777777778,126.92697065369289,126.92697065369289
0.7777777777777778,2.25,5.294372294372295,0.7777777777777778,2.3181818181818183,5.750000000000001,0.7777777777777778,2.0,6.571428571428572,0.7777777777777778,2.0,7.571428571428571,0.7777777777777778,3.2857142857142856,106.87692148439525,0.7777777777777778,8.426751592356686,106.87692148439525,0.7777777777777778,106.87692148439525,106.87692148439525,0.7777777777777778,466.82185491276397,466.82185491276397,0.7777777777777778,126.92697065369289,126.92697065369289
0.787037037037037,2.25,5.294372294372295,0.787037037037037,2.3181818181818183,5.750000000000001,0.787037037037037,2.0,6.571428571428572,0.787037037037037,2.0,7.571428571428571,0.787037037037037,3.2857142857142856,106.87692148439525,0.787037037037037,8.426751592356686,106.87692148439525,0.787037037037037,106.87692148439525,106.87692148439525,0.787037037037037,466.82185491276397,466.82185491276397,0.787037037037037,126.92697065369289,126.92697065369289
0.787037037037037,2.3181818181818183,5.750000000000001,0.787037037037037,2.5806451612903225,5.750000000000001,0.787037037037037,2.0,7.571428571428571,0.787037037037037,2.25,8.272727272727273,0.787037037037037,6.524475524475525,106.87692148439525,0.787037037037037,106.87692148439525,106.87692148439525,0.787037037037037,106.87692148439525,106.87692148439525,0.787037037037037,466.82185491276397,466.82185491276397,0.787037037037037,126.92697065369289,126.92697065369289
0.7962962962962963,2.3181818181818183,5.750000000000001,0.7962962962962963,2.5806451612903225,5.750000000000001,0.7962962962962963,2.0,7.571428571428571,0.7962962962962963,2.25,8.272727272727273,0.7962962962962963,6.524475524475525,106.87692148439525,0.7962962962962963,106.87692148439525,106.87692148439525,0.7962962962962963,106.87692148439525,106.87692148439525,0.7962962962962963,466.82185491276397,466.82185491276397,0.7962962962962963,126.92697065369289,126.92697065369289
0.7962962962962963,2.6,5.750000000000001,0.7962962962962963,2.586206896551724,6.571428571428572,0.7962962962962963,2.25,8.600000000000001,0.7962962962962963,2.3181818181818183,10.33812949640288,0.7962962962962963,106.87692148439525,106.87692148439525,0.7962962962962963,106.87692148439525,106.87692148439525,0.7962962962962963,106.87692148439525,106.87692148439525,0.7962962962962963,466.82185491276397,466.82185491276397,0.7962962962962963,126.92697065369289,126.92697065369289
0.8055555555555556,2.6,5.750000000000001,0.8055555555555556,2.586206896551724,6.571428571428572,0.8055555555555556,2.25,8.600000000000001,0.8055555555555556,2.3181818181818183,10.33812949640288,0.8055555555555556,106.87692148439525,106.87692148439525,0.8055555555555556,106.87692148439525,106.87692148439525,0.8055555555555556,106.87692148439525,106.87692148439525,0.8055555555555556,466.82185491276397,466.82185491276397,0.8055555555555556,126.92697065369289,126.92697065369289
0.8055555555555556,2.877551020408163,6.571428571428572,0.8055555555555556,2.7666666666666666,7.571428571428571,0.8055555555555556,2.3181818181818183,10.33812949640288,0.8055555555555556,30.602209944751387,1315.2711111111118,0.8055555555555556,106.87692148439525,106.87692148439525,0.8055555555555556,106.87692148439525,106.87692148439525,0.8055555555555556,106.87692148439525,106.87692148439525,0.8055555555555556,466.82185491276397,466.82185491276397,0.8055555555555556,126.92697065369289,126.92697065369289
0.8148148148148148,2.877551020408163,6.571428571428572,0.8148148148148148,2.7666666666666666,7.571428571428571,0.8148148148148148,2.3181818181818183,10.33812949640288,0.8148148148148148,30.602209944751387,1315.2711111111118,0.8148148148148148,106.87692148439525,106.87692148439525,0.8148148148148148,106.87692148439525,106.87692148439525,0.8148148148148148,106.87692148439525,106.87692148439525,0.8148148148148148,466.82185491276397,466.82185491276397,0.8148148148148148,126.92697065369289,126.92697065369289
0.8148148148148148,4.428571428571429,7.571428571428571,0.8148148148148148,3.9090909090909096,8.600000000000001,0.8148148148148148,2.542372881355932,1315.2711111111118,0.8148148148148148,36.26666666666668,1315.2711111111118,0.8148148148148148,106.87692148439525,106.87692148439525,0.8148148148148148,106.87692148439525,106.87692148439525,0.8148148148148148,106.87692148439525,106.87692148439525,0.8148148148148148,466.82185491276397,466.82185491276397,0.8148148148148148,126.92697065369289,126.92697065369289
0.8240740740740741,4.428571428571429,7.571428571428571,0.8240740740740741,3.9090909090909096,8.600000000000001,0.8240740740740741,2.542372881355932,1315.2711111111118,0.8240740740740741,36.26666666666668,1315.2711111111118,0.8240740740740741,106.87692148439525,106.87692148439525,0.8240740740740741,106.87692148439525,106.87692148439525,0.8240740740740741,106.87692148439525,106.87692148439525,0.8240740740740741,466.82185491276397,466.82185491276397,0.8240740740740741,126.92697065369289,126.92697065369289
0.8240740740740741,6.0,8.600000000000001,0.8240740740740741,4.7142857142857135,10.33812949640288,0.8240740740740741,2.6666666666666665,1315.2711111111118,0.8240740740740741,1315.2711111111118,1315.2711111111118,0.8240740740740741,106.87692148439525,106.87692148439525,0.8240740740740741,106.87692148439525,106.87692148439525,0.8240740740740741,106.87692148439525,106.87692148439525,0.8240740740740741,466.82185491276397,466.82185491276397,0.8240740740740741,126.92697065369289,126.92697065369289
0.8333333333333334,6.0,8.600000000000001,0.8333333333333334,4.7142857142857135,10.33812949640288,0.8333333333333334,2.6666666666666665,1315.2711111111118,0.8333333333333334,1315.2711111111118,1315.2711111111118,0.8333333333333334,106.87692148439525,106.87692148439525,0.8333333333333334,106.87692148439525,106.87692148439525,0.8333333333333334,106.87692148439525,106.87692148439525,0.8333333333333334,466.82185491276397,466.82185491276397,0.8333333333333334,126.92697065369289,126.92697065369289
0.8333333333333334,6.44,10.33812949640288,0.8333333333333334,6.075471698113207,1315.2711111111118,0.8333333333333334,30.602209944751387,1315.2711111111118,0.8333333333333334,1315.2711111111118,1315.2711111111118,0.8333333333333334,106.87692148439525,106.87692148439525,0.8333333333333334,106.87692148439525,106.87692148439525,0.8333333333333334,106.87692148439525,106.87692148439525,0.8333333333333334,466.82185491276397,466.82185491276397,0.8333333333333334,126.92697065369289,126.92697065369289
0.8425925925925926,6.44,10.33812949640288,0.8425925925925926,6.075471698113207,1315.2711111111118,0.8425925925925926,30.602209944751387,1315.2711111111118,0.8425925925925926,1315.2711111111118,1315.2711111111118,0.8425925925925926,106.87692148439525,106.87692148439525,0.8425925925925926,106.87692148439525,106.87692148439525,0.8425925925925926,106.87692148439525,106.87692148439525,0.8425925925925926,466.82185491276397,466.82185491276397,0.8425925925925926,126.92697065369289,126.92697065369289
0.8425925925925926,36.26666666666668,1315.2711111111118,0.8425925925925926,36.26666666666668,1315.2711111111118,0.8425925925925926,36.26666666666668,1315.2711111111118,0.8425925925925926,1315.2711111111118,1315.2711111111118,0.8425925925925926,106.87692148439525,106.87692148439525,0.8425925925925926,106.87692148439525,106.87692148439525,0.8425925925925926,106.87692148439525,106.87692148439525,0.8425925925925926,466.82185491276397,466.82185491276397,0.8425925925925926,126.92697065369289,126.92697065369289
0.8518518518518519,36.26666666666668,1315.2711111111118,0.8518518518518519,36.26666666666668,1315.2711111111118,0.8518518518518519,36.26666666666668,1315.2711111111118,0.8518518518518519,1315.2711111111118,1315.2711111111118,0.8518518518518519,106.87692148439525,106.87692148439525,0.8518518518518519,106.87692148439525,106.87692148439525,0.8518518518518519,106.87692148439525,106.87692148439525,0.8518518518518519,466.82185491276397,466.82185491276397,0.8518518518518519,126.92697065369289,126.92697065369289
0.8518518518518519,1315.2711111111118,1315.2711111111118,0.8518518518518519,1315.2711111111118,1315.2711111111118,0.8518518518518519,1315.2711111111118,1315.2711111111118,0.8518518518518519,1315.2711111111118,1315.2711111111118,0.8518518518518519,106.87692148439525,106.87692148439525,0.8518518518518519,106.87692148439525,106.87692148439525,0.8518518518518519,106.87692148439525,106.87692148439525,0.8518518518518519,466.82185491276397,466.82185491276397,0.8518518518518519,126.92697065369289,126.92697065369289
0.8611111111111112,1315.2711111111118,1315.2711111111118,0.8611111111111112,1315.2711111111118,1315.2711111111118,0.8611111111111112,1315.2711111111118,1315.2711111111118,0.8611111111111112,1315.2711111111118,1315.2711111111118,0.8611111111111112,106.87692148439525,106.87692148439525,0.8611111111111112,106.87692148439525,106.87692148439525,0.8611111111111112,106.87692148439525,106.87692148439525,0.8611111111111112,466.82185491276397,466.82185491276397,0.8611111111111112,126.92697065369289,126.92697065369289
0.8611111111111112,1315.2711111111118,1315.2711111111118,0.8611111111111112,1315.2711111111118,1315.2711111111118,0.8611111111111112,1315.2711111111118,1315.2711111111118,0.8611111111111112,1315.2711111111118,1315.2711111111118,0.8611111111111112,106.87692148439525,106.87692148439525,0.8611111111111112,106.87692148439525,106.87692148439525,0.8611111111111112,106.87692148439525,106.87692148439525,0.8611111111111112,466.82185491276397,466.82185491276397,0.8611111111111112,126.92697065369289,126.92697065369289
0.8703703703703703,1315.2711111111118,1315.2711111111118,0.8703703703703703,1315.2711111111118,1315.2711111111118,0.8703703703703703,1315.2711111111118,1315.2711111111118,0.8703703703703703,1315.2711111111118,1315.2711111111118,0.8703703703703703,106.87692148439525,106.87692148439525,0.8703703703703703,106.87692148439525,106.87692148439525,0.8703703703703703,106.87692148439525,106.87692148439525,0.8703703703703703,466.82185491276397,466.82185491276397,0.8703703703703703,126.92697065369289,126.92697065369289
0.8703703703703703,1315.2711111111118,1315.2711111111118,0.8703703703703703,1315.2711111111118,1315.2711111111118,0.8703703703703703,1315.2711111111118,1315.2711111111118,0.8703703703703703,1315.2711111111118,1315.2711111111118,0.8703703703703703,106.87692148439525,106.87692148439525,0.8703703703703703,106.87692148439525,106.87692148439525,0.8703703703703703,106.87692148439525,106.87692148439525,0.8703703703703703,466.82185491276397,466.82185491276397,0.8703703703703703,126.92697065369289,126.92697065369289
0.8796296296296297,1315.2711111111118,1315.2711111111118,0.8796296296296297,1315.2711111111118,1315.2711111111118,0.8796296296296297,1315.2711111111118,1315.2711111111118,0.8796296296296297,1315.2711111111118,1315.2711111111118,0.8796296296296297,106.87692148439525,106.87692148439525,0.8796296296296297,106.87692148439525,106.87692148439525,0.8796296296296297,106.87692148439525,106.87692148439525,0.8796296296296297,466.82185491276397,466.82185491276397,0.8796296296296297,126.92697065369289,126.92697065369289
0.8796296296296297,1315.2711111111118,1315.2711111111118,0.8796296296296297,1315.2711111111118,1315.2711111111118,0.8796296296296297,1315.2711111111118,1315.2711111111118,0.8796296296296297,1315.2711111111118,1315.2711111111118,0.8796296296296297,106.87692148439525,106.87692148439525,0.8796296296296297,106.87692148439525,106.87692148439525,0.8796296296296297,106.87692148439525,106.87692148439525,0.8796296296296297,466.82185491276397,466.82185491276397,0.8796296296296297,126.92697065369289,126.92697065369289
0.8888888888888888,1315.2711111111118,1315.2711111111118,0.8888888888888888,1315.2711111111118,1315.2711111111118,0.8888888888888888,1315.2711111111118,1315.2711111111118,0.8888888888888888,1315.2711111111118,1315.2711111111118,0.8888888888888888,106.87692148439525,106.87692148439525,0.8888888888888888,106.87692148439525,106.87692148439525,0.8888888888888888,106.87692148439525,106.87692148439525,0.8888888888888888,466.82185491276397,466.82185491276397,0.8888888888888888,126.92697065369289,126.92697065369289
0.8888888888888888,1315.2711111111118,1315.2711111111118,0.8888888888888888,1315.2711111111118,1315.2711111111118,0.8888888888888888,1315.2711111111118,1315.2711111111118,0.8888888888888888,1315.2711111111118,1315.2711111111118,0.8888888888888888,106.87692148439525,106.87692148439525,0.8888888888888888,106.87692148439525,106.87692148439525,0.8888888888888888,106.87692148439525,106.87692148439525,0.8888888888888888,466.82185491276397,466.82185491276397,0.8888888888888888,126.92697065369289,126.92697065369289
0.8981481481481481,1315.2711111111118,1315.2711111111118,0.8981481481481481,1315.2711111111118,1315.2711111111118,0.8981481481481481,1315.2711111111118,1315.2711111111118,0.8981481481481481,1315.2711111111118,1315.2711111111118,0.8981481481481481,106.87692148439525,106.87692148439525,0.8981481481481481,106.87692148439525,106.87692148439525,0.8981481481481481,106.87692148439525,106.87692148439525,0.8981481481481481,466.82185491276397,466.82185491276397,0.8981481481481481,126.92697065369289,126.92697065369289
0.8981481481481481,1315.2711111111118,1315.2711111111118,0.8981481481481481,1315.2711111111118,1315.2711111111118,0.8981481481481481,1315.2711111111118,1315.2711111111118,0.8981481481481481,1315.2711111111118,1315.2711111111118,0.8981481481481481,106.87692148439525,106.87692148439525,0.8981481481481481,106.87692148439525,106.87692148439525,0.8981481481481481,106.87692148439525,106.87692148439525,0.8981481481481481,466.82185491276397,466.82185491276397,0.8981481481481481,126.92697065369289,126.92697065369289
0.9074074074074074,1315.2711111111118,1315.2711111111118,0.9074074074074074,1315.2711111111118,1315.2711111111118,0.9074074074074074,1315.2711111111118,1315.2711111111118,0.9074074074074074,1315.2711111111118,1315.2711111111118,0.9074074074074074,106.87692148439525,106.87692148439525,0.9074074074074074,106.87692148439525,106.87692148439525,0.9074074074074074,106.87692148439525,106.87692148439525,0.9074074074074074,466.82185491276397,466.82185491276397,0.9074074074074074,126.92697065369289,126.92697065369289
0.9074074074074074,1315.2711111111118,1315.2711111111118,0.9074074074074074,1315.2711111111118,1315.2711111111118,0.9074074074074074,1315.2711111111118,1315.2711111111118,0.9074074074074074,1315.2711111111118,1315.2711111111118,0.9074074074074074,106.87692148439525,106.87692148439525,0.9074074074074074,106.87692148439525,106.87692148439525,0.9074074074074074,106.87692148439525,106.87692148439525,0.9074074074074074,466.82185491276397,466.82185491276397,0.9074074074074074,126.92697065369289,126.92697065369289
0.9166666666666666,1315.2711111111118,1315.2711111111118,0.9166666666666666,1315.2711111111118,1315.2711111111118,0.9166666666666666,1315.2711111111118,1315.2711111111118,0.9166666666666666,1315.2711111111118,1315.2711111111118,0.9166666666666666,106.87692148439525,106.87692148439525,0.9166666666666666,106.87692148439525,106.87692148439525,0.9166666666666666,106.87692148439525,106.87692148439525,0.9166666666666666,466.82185491276397,466.82185491276397,0.9166666666666666,126.92697065369289,126.92697065369289
0.9166666666666666,1315.2711111111118,1315.2711111111118,0.9166666666666666,1315.2711111111118,1315.2711111111118,0.9166666666666666,1315.2711111111118,1315.2711111111118,0.9166666666666666,1315.2711111111118,1315.2711111111118,0.9166666666666666,106.87692148439525,106.87692148439525,0.9166666666666666,106.87692148439525,106.87692148439525,0.9166666666666666,106.87692148439525,106.87692148439525,0.9166666666666666,466.82185491276397,466.82185491276397,0.9166666666666666,126.92697065369289,126.92697065369289
0.9259259259259259,1315.2711111111118,1315.2711111111118,0.9259259259259259,1315.2711111111118,1315.2711111111118,0.9259259259259259,1315.2711111111118,1315.2711111111118,0.9259259259259259,1315.2711111111118,1315.2711111111118,0.9259259259259259,106.87692148439525,106.87692148439525,0.9259259259259259,106.87692148439525,106.87692148439525,0.9259259259259259,106.87692148439525,106.87692148439525,0.9259259259259259,466.82185491276397,466.82185491276397,0.9259259259259259,126.92697065369289,126.92697065369289
0.9259259259259259,1315.2711111111118,1315.2711111111118,0.9259259259259259,1315.2711111111118,1315.2711111111118,0.9259259259259259,1315.2711111111118,1315.2711111111118,0.9259259259259259,1315.2711111111118,1315.2711111111118,0.9259259259259259,106.87692148439525,106.87692148439525,0.9259259259259259,106.87692148439525,106.87692148439525,0.9259259259259259,106.87692148439525,106.87692148439525,0.9259259259259259,466.82185491276397,466.82185491276397,0.9259259259259259,126.92697065369289,126.92697065369289
0.9351851851851851,1315.2711111111118,1315.2711111111118,0.9351851851851851,1315.2711111111118,1315.2711111111118,0.9351851851851851,1315.2711111111118,1315.2711111111118,0.9351851851851851,1315.2711111111118,1315.2711111111118,0.9351851851851851,106.87692148439525,106.87692148439525,0.9351851851851851,106.87692148439525,106.87692148439525,0.9351851851851851,106.87692148439525,106.87692148439525,0.9351851851851851,466.82185491276397,466.82185491276397,0.9351851851851851,126.92697065369289,126.92697065369289
0.9351851851851851,1315.2711111111118,1315.2711111111118,0.9351851851851851,1315.2711111111118,1315.2711111111118,0.9351851851851851,1315.2711111111118,1315.2711111111118,0.9351851851851851,1315.2711111111118,1315.2711111111118,0.9351851851851851,106.87692148439525,106.87692148439525,0.9351851851851851,106.87692148439525,106.87692148439525,0.9351851851851851,106.87692148439525,106.87692148439525,0.9351851851851851,466.82185491276397,466.82185491276397,0.9351851851851851,126.92697065369289,126.92697065369289
0.9444444444444444,1315.2711111111118,1315.2711111111118,0.9444444444444444,1315.2711111111118,1315.2711111111118,0.9444444444444444,1315.2711111111118,1315.2711111111118,0.9444444444444444,1315.2711111111118,1315.2711111111118,0.9444444444444444,106.87692148439525,106.87692148439525,0.9444444444444444,106.87692148439525,106.87692148439525,0.9444444444444444,106.87692148439525,106.87692148439525,0.9444444444444444,466.82185491276397,466.82185491276397,0.9444444444444444,126.92697065369289,126.92697065369289
0.9444444444444444,1315.2711111111118,1315.2711111111118,0.9444444444444444,1315.2711111111118,1315.2711111111118,0.9444444444444444,1315.2711111111118,1315.2711111111118,0.9444444444444444,1315.2711111111118,1315.2711111111118,0.9444444444444444,106.87692148439525,106.87692148439525,0.9444444444444444,106.87692148439525,106.87692148439525,0.9444444444444444,106.87692148439525,106.87692148439525,0.9444444444444444,466.82185491276397,466.82185491276397,0.9444444444444444,126.92697065369289,126.92697065369289
0.9537037037037037,1315.2711111111118,1315.2711111111118,0.9537037037037037,1315.2711111111118,1315.2711111111118,0.9537037037037037,1315.2711111111118,1315.2711111111118,0.9537037037037037,1315.2711111111118,1315.2711111111118,0.9537037037037037,106.87692148439525,106.87692148439525,0.9537037037037037,106.87692148439525,106.87692148439525,0.9537037037037037,106.87692148439525,106.87692148439525,0.9537037037037037,466.82185491276397,466.82185491276397,0.9537037037037037,126.92697065369289,126.92697065369289
0.9537037037037037,1315.2711111111118,1315.2711111111118,0.9537037037037037,1315.2711111111118,1315.2711111111118,0.9537037037037037,1315.2711111111118,1315.2711111111118,0.9537037037037037,1315.2711111111118,1315.2711111111118,0.9537037037037037,106.87692148439525,106.87692148439525,0.9537037037037037,106.87692148439525,106.87692148439525,0.9537037037037037,106.87692148439525,106.87692148439525,0.9537037037037037,466.82185491276397,466.82185491276397,0.9537037037037037,126.92697065369289,126.92697065369289
0.9629629629629629,1315.2711111111118,1315.2711111111118,0.9629629629629629,1315.2711111111118,1315.2711111111118,0.9629629629629629,1315.2711111111118,1315.2711111111118,0.9629629629629629,1315.2711111111118,1315.2711111111118,0.9629629629629629,106.87692148439525,106.87692148439525,0.9629629629629629,106.87692148439525,106.87692148439525,0.9629629629629629,106.87692148439525,106.87692148439525,0.9629629629629629,466.82185491276397,466.82185491276397,0.9629629629629629,126.92697065369289,126.92697065369289
0.9629629629629629,1315.2711111111118,1315.2711111111118,0.9629629629629629,1315.2711111111118,1315.2711111111118,0.9629629629629629,1315.2711111111118,1315.2711111111118,0.9629629629629629,1315.2711111111118,1315.2711111111118,0.9629629629629629,106.87692148439525,106.87692148439525,0.9629629629629629,106.87692148439525,106.87692148439525,0.9629629629629629,106.87692148439525,106.87692148439525,0.9629629629629629,466.82185491276397,466.82185491276397,0.9629629629629629,126.92697065369289,126.92697065369289
0.9722222222222222,1315.2711111111118,1315.2711111111118,0.9722222222222222,1315.2711111111118,1315.2711111111118,0.9722222222222222,1315.2711111111118,1315.2711111111118,0.9722222222222222,1315.2711111111118,1315.2711111111118,0.9722222222222222,106.87692148439525,106.87692148439525,0.9722222222222222,106.87692148439525,106.87692148439525,0.9722222222222222,106.87692148439525,106.87692148439525,0.9722222222222222,466.82185491276397,466.82185491276397,0.9722222222222222,126.92697065369289,126.92697065369289
0.9722222222222222,1315.2711111111118,1315.2711111111118,0.9722222222222222,1315.2711111111118,1315.2711111111118,0.9722222222222222,1315.2711111111118,1315.2711111111118,0.9722222222222222,1315.2711111111118,1315.2711111111118,0.9722222222222222,106.87692148439525,106.87692148439525,0.9722222222222222,106.87692148439525,106.87692148439525,0.9722222222222222,106.87692148439525,106.87692148439525,0.9722222222222222,466.82185491276397,466.82185491276397,0.9722222222222222,126.92697065369289,126.92697065369289
0.9814814814814815,1315.2711111111118,1315.2711111111118,0.9814814814814815,1315.2711111111118,1315.2711111111118,0.9814814814814815,1315.2711111111118,1315.2711111111118,0.9814814814814815,1315.2711111111118,1315.2711111111118,0.9814814814814815,106.87692148439525,106.87692148439525,0.9814814814814815,106.87692148439525,106.87692148439525,0.9814814814814815,106.87692148439525,106.87692148439525,0.9814814814814815,466.82185491276397,466.82185491276397,0.9814814814814815,126.92697065369289,126.92697065369289
0.9814814814814815,1315.2711111111118,1315.2711111111118,0.9814814814814815,1315.2711111111118,1315.2711111111118,0.9814814814814815,1315.2711111111118,1315.2711111111118,0.9814814814814815,1315.2711111111118,1315.2711111111118,0.9814814814814815,106.87692148439525,106.87692148439525,0.9814814814814815,106.87692148439525,106.87692148439525,0.9814814814814815,106.87692148439525,106.87692148439525,0.9814814814814815,466.82185491276397,466.82185491276397,0.9814814814814815,126.92697065369289,126.92697065369289
0.9907407407407407,1315.2711111111118,1315.2711111111118,0.9907407407407407,1315.2711111111118,1315.2711111111118,0.9907407407407407,1315.2711111111118,1315.2711111111118,0.9907407407407407,1315.2711111111118,1315.2711111111118,0.9907407407407407,106.87692148439525,106.87692148439525,0.9907407407407407,106.87692148439525,106.87692148439525,0.9907407407407407,106.87692148439525,106.87692148439525,0.9907407407407407,466.82185491276397,466.82185491276397,0.9907407407407407,126.92697065369289,126.92697065369289
0.9907407407407407,1315.2711111111118,1315.2711111111118,0.9907407407407407,1315.2711111111118,1315.2711111111118,0.9907407407407407,1315.2711111111118,1315.2711111111118,0.9907407407407407,1315.2711111111118,1315.2711111111118,0.9907407407407407,106.87692148439525,106.87692148439525,0.9907407407407407,106.87692148439525,106.87692148439525,0.9907407407407407,106.87692148439525,106.87692148439525,0.9907407407407407,466.82185491276397,466.82185491276397,0.9907407407407407,126.92697065369289,126.92697065369289
1.0,1315.2711111111118,1315.2711111111118,1.0,1315.2711111111118,1315.2711111111118,1.0,1315.2711111111118,1315.2711111111118,1.0,1315.2711111111118,1315.2711111111118,1.0,106.87692148439525,106.87692148439525,1.0,106.87692148439525,106.87692148439525,1.0,106.87692148439525,106.87692148439525,1.0,466.82185491276397,466.82185491276397,1.0,126.92697065369289,126.92697065369289
1.0,1315.2711111111118,1315.2711111111118,1.0,1315.2711111111118,1315.2711111111118,1.0,1315.2711111111118,1315.2711111111118,1.0,1315.2711111111118,1315.2711111111118,1.0,106.87692148439525,106.87692148439525,1.0,106.87692148439525,106.87692148439525,1.0,106.87692148439525,106.87692148439525,1.0,466.82185491276397,466.82185491276397,1.0,126.92697065369289,126.92697065369289
