y1,x1_New,x1_Standard,y2,x2_New,x2_Standard,y3,x3_New,x3_Standard,y4,x4_New,x4_Standard,y5,x5_New,x5_Standard,y6,x6_New,x6_Standard,y7,x7_New,x7_Standard,y8,x8_New,x8_Standard,y9,x9_New,x9_Standard
0.0,1.0,1.0,0.0,1.0,1.0,0.0,1.0,1.0,0.0,1.0,1.0,0.0,1.0,1.0,0.0,1.0,1.0,0.0,1.0,1.0,0.0,1.0,1.0,0.0,1.0,1.0
0.0,1.0,1.0,0.0,1.0,1.0,0.0,1.0,1.0,0.0,1.0,1.0,0.0,1.0,1.0,0.0,1.0,1.0,0.0,1.0,1.0,0.0,1.0,1.0,0.0,1.0,1.0
0.0064516129032258064,1.0,1.0,0.0064516129032258064,1.0,1.0,0.0064516129032258064,1.0,1.0,0.0064516129032258064,1.0,1.0,0.0064516129032258064,1.0,1.0,0.0064516129032258064,1.0,1.0,0.0064516129032258064,1.0,1.0,0.0064516129032258064,1.0,1.0,0.0064516129032258064,1.0,1.0
0.0064516129032258064,1.0,1.0,0.0064516129032258064,1.0,1.0,0.0064516129032258064,1.0,1.0,0.0064516129032258064,1.0,1.0,0.0064516129032258064,1.0,1.0,0.0064516129032258064,1.0,1.0,0.0064516129032258064,1.0,1.0,0.0064516129032258064,1.0,1.0,0.0064516129032258064,1.0,1.0
0.012903225806451613,1.0,1.0,0.012903225806451613,1.0,1.0,0.012903225806451613,1.0,1.0,0.012903225806451613,1.0,1.0,0.012903225806451613,1.0,1.0,0.012903225806451613,1.0,1.0,0.012903225806451613,1.0,1.0,0.012903225806451613,1.0,1.0,0.012903225806451613,1.0,1.0
0.012903225806451613,1.0,1.0,0.012903225806451613,1.0,1.0,0.012903225806451613,1.0,1.0,0.012903225806451613,1.0,1.0,0.012903225806451613,1.0,1.0,0.012903225806451613,1.0,1.0,0.012903225806451613,1.0,1.0,0.012903225806451613,1.0,1.0,0.012903225806451613,1.0,1.0
0.01935483870967742,1.0,1.0,0.01935483870967742,1.0,1.0,0.01935483870967742,1.0,1.0,0.01935483870967742,1.0,1.0,0.01935483870967742,1.0,1.0,0.01935483870967742,1.0,1.0,0.01935483870967742,1.0,1.0,0.01935483870967742,1.0,1.0,0.01935483870967742,1.0,1.0
0.01935483870967742,1.0,1.0,0.01935483870967742,1.0,1.0,0.01935483870967742,1.0,1.0,0.01935483870967742,1.0,1.0,0.01935483870967742,1.0,1.0,0.01935483870967742,1.0,1.0,0.01935483870967742,1.0,1.0,0.01935483870967742,1.0,1.0,0.01935483870967742,1.0,1.0
0.025806451612903226,1.0,1.0,0.025806451612903226,1.0,1.0,0.025806451612903226,1.0,1.0,0.025806451612903226,1.0,1.0,0.025806451612903226,1.0,1.0,0.025806451612903226,1.0,1.0,0.025806451612903226,1.0,1.0,0.025806451612903226,1.0,1.0,0.025806451612903226,1.0,1.0
0.025806451612903226,1.0,1.0,0.025806451612903226,1.0,1.0,0.025806451612903226,1.0,1.0,0.025806451612903226,1.0,1.0,0.025806451612903226,1.0,1.0,0.025806451612903226,1.0,1.0,0.025806451612903226,1.0,1.0,0.025806451612903226,1.0,1.0,0.025806451612903226,1.0,1.0
0.03225806451612903,1.0,1.0,0.03225806451612903,1.0,1.0,0.03225806451612903,1.0,1.0,0.03225806451612903,1.0,1.0,0.03225806451612903,1.0,1.0,0.03225806451612903,1.0,1.0,0.03225806451612903,1.0,1.0,0.03225806451612903,1.0,1.0,0.03225806451612903,1.0,1.0
0.03225806451612903,1.0,1.0,0.03225806451612903,1.0,1.0,0.03225806451612903,1.0,1.0,0.03225806451612903,1.0,1.0,0.03225806451612903,1.0,1.0,0.03225806451612903,1.0,1.0,0.03225806451612903,1.0,1.0,0.03225806451612903,1.0,1.0,0.03225806451612903,1.0,1.0
0.03870967741935484,1.0,1.0,0.03870967741935484,1.0,1.0,0.03870967741935484,1.0,1.0,0.03870967741935484,1.0,1.0,0.03870967741935484,1.0,1.0,0.03870967741935484,1.0,1.0,0.03870967741935484,1.0,1.0,0.03870967741935484,1.0,1.0,0.03870967741935484,1.0,1.0
0.03870967741935484,1.0,1.0,0.03870967741935484,1.0,1.0,0.03870967741935484,1.0,1.0,0.03870967741935484,1.0,1.0,0.03870967741935484,1.0,1.0,0.03870967741935484,1.0,1.0,0.03870967741935484,1.0,1.0,0.03870967741935484,1.0,1.0,0.03870967741935484,1.0,1.0
0.04516129032258065,1.0,1.0,0.04516129032258065,1.0,1.0,0.04516129032258065,1.0,1.0,0.04516129032258065,1.0,1.0,0.04516129032258065,1.0,1.0,0.04516129032258065,1.0,1.0,0.04516129032258065,1.0,1.0,0.04516129032258065,1.0,1.0,0.04516129032258065,1.0,1.0
0.04516129032258065,1.0,1.0,0.04516129032258065,1.0,1.0,0.04516129032258065,1.0,1.0,0.04516129032258065,1.0,1.0,0.04516129032258065,1.0,1.0,0.04516129032258065,1.0,1.0,0.04516129032258065,1.0,1.0,0.04516129032258065,1.0,1.0,0.04516129032258065,1.0,1.0
0.05161290322580645,1.0,1.0,0.05161290322580645,1.0,1.0,0.05161290322580645,1.0,1.0,0.05161290322580645,1.0,1.0,0.05161290322580645,1.0,1.0,0.05161290322580645,1.0,1.0,0.05161290322580645,1.0,1.0,0.05161290322580645,1.0,1.0,0.05161290322580645,1.0,1.0
0.05161290322580645,1.0,1.0,0.05161290322580645,1.0,1.0,0.05161290322580645,1.0,1.0,0.05161290322580645,1.0,1.0,0.05161290322580645,1.0,1.0,0.05161290322580645,1.0,1.0,0.05161290322580645,1.0,1.0,0.05161290322580645,1.0,1.0,0.05161290322580645,1.0,1.0
0.05806451612903226,1.0,1.0,0.05806451612903226,1.0,1.0,0.05806451612903226,1.0,1.0,0.05806451612903226,1.0,1.0,0.05806451612903226,1.0,1.0,0.05806451612903226,1.0,1.0,0.05806451612903226,1.0,1.0,0.05806451612903226,1.0,1.0,0.05806451612903226,1.0,1.0
0.05806451612903226,1.0,1.0,0.05806451612903226,1.0,1.0,0.05806451612903226,1.0,1.0,0.05806451612903226,1.0,1.0,0.05806451612903226,1.0,1.0,0.05806451612903226,1.0,1.0,0.05806451612903226,1.0,1.0,0.05806451612903226,1.0,1.0,0.05806451612903226,1.0,1.0
0.06451612903225806,1.0,1.0,0.06451612903225806,1.0,1.0,0.06451612903225806,1.0,1.0,0.06451612903225806,1.0,1.0,0.06451612903225806,1.0,1.0,0.06451612903225806,1.0,1.0,0.06451612903225806,1.0,1.0,0.06451612903225806,1.0,1.0,0.06451612903225806,1.0,1.0
0.06451612903225806,1.0,1.0,0.06451612903225806,1.0,1.0,0.06451612903225806,1.0,1.0,0.06451612903225806,1.0,1.0,0.06451612903225806,1.0,1.0,0.06451612903225806,1.0,1.0,0.06451612903225806,1.0,1.0,0.06451612903225806,1.0,1.0,0.06451612903225806,1.0,1.0
0.07096774193548387,1.0,1.0,0.07096774193548387,1.0,1.0,0.07096774193548387,1.0,1.0,0.07096774193548387,1.0,1.0,0.07096774193548387,1.0,1.0,0.07096774193548387,1.0,1.0,0.07096774193548387,1.0,1.0,0.07096774193548387,1.0,1.0,0.07096774193548387,1.0,1.0
0.07096774193548387,1.0,1.0,0.07096774193548387,1.0,1.0,0.07096774193548387,1.0,1.0,0.07096774193548387,1.0,1.0,0.07096774193548387,1.0,1.0,0.07096774193548387,1.0,1.0,0.07096774193548387,1.0,1.0,0.07096774193548387,1.0,1.0,0.07096774193548387,1.0,1.0
0.07741935483870968,1.0,1.0,0.07741935483870968,1.0,1.0,0.07741935483870968,1.0,1.0,0.07741935483870968,1.0,1.0,0.07741935483870968,1.0,1.0,0.07741935483870968,1.0,1.0,0.07741935483870968,1.0,1.0,0.07741935483870968,1.0,1.0,0.07741935483870968,1.0,1.0
0.07741935483870968,1.0,1.0,0.07741935483870968,1.0,1.0,0.07741935483870968,1.0,1.0,0.07741935483870968,1.0,1.0,0.07741935483870968,1.0,1.0,0.07741935483870968,1.0,1.0,0.07741935483870968,1.0,1.0,0.07741935483870968,1.0,1.0,0.07741935483870968,1.0,1.0
0.08387096774193549,1.0,1.0,0.08387096774193549,1.0,1.0,0.08387096774193549,1.0,1.0,0.08387096774193549,1.0,1.0,0.08387096774193549,1.0,1.0,0.08387096774193549,1.0,1.0,0.08387096774193549,1.0,1.0,0.08387096774193549,1.0,1.0,0.08387096774193549,1.0,1.0
0.08387096774193549,1.0,1.0,0.08387096774193549,1.0,1.0,0.08387096774193549,1.0,1.0,0.08387096774193549,1.0,1.0,0.08387096774193549,1.0,1.0,0.08387096774193549,1.0,1.0,0.08387096774193549,1.0,1.0,0.08387096774193549,1.0,1.0,0.08387096774193549,1.0,1.0
0.0903225806451613,1.0,1.0,0.0903225806451613,1.0,1.0,0.0903225806451613,1.0,1.0,0.0903225806451613,1.0,1.0,0.0903225806451613,1.0,1.0,0.0903225806451613,1.0,1.0,0.0903225806451613,1.0,1.0,0.0903225806451613,1.0,1.0,0.0903225806451613,1.0,1.0
0.0903225806451613,1.0,1.0,0.0903225806451613,1.0,1.0,0.0903225806451613,1.0,1.0,0.0903225806451613,1.0,1.0,0.0903225806451613,1.0,1.0,0.0903225806451613,1.0,1.0,0.0903225806451613,1.0,1.0,0.0903225806451613,1.0,1.0,0.0903225806451613,1.0,1.0
0.0967741935483871,1.0,1.0,0.0967741935483871,1.0,1.0,0.0967741935483871,1.0,1.0,0.0967741935483871,1.0,1.0,0.0967741935483871,1.0,1.0,0.0967741935483871,1.0,1.0,0.0967741935483871,1.0,1.0,0.0967741935483871,1.0,1.0,0.0967741935483871,1.0,1.0
0.0967741935483871,1.0,1.0,0.0967741935483871,1.0,1.0,0.0967741935483871,1.0,1.0,0.0967741935483871,1.0,1.0,0.0967741935483871,1.0,1.0,0.0967741935483871,1.0,1.0,0.0967741935483871,1.0,1.0,0.0967741935483871,1.0,1.0,0.0967741935483871,1.0,1.0
0.1032258064516129,1.0,1.0,0.1032258064516129,1.0,1.0,0.1032258064516129,1.0,1.0,0.1032258064516129,1.0,1.0,0.1032258064516129,1.0,1.0,0.1032258064516129,1.0,1.0,0.1032258064516129,1.0,1.0,0.1032258064516129,1.0,1.0,0.1032258064516129,1.0,1.0
0.1032258064516129,1.0,1.0,0.1032258064516129,1.0,1.0,0.1032258064516129,1.0,1.0,0.1032258064516129,1.0,1.0,0.1032258064516129,1.0,1.0,0.1032258064516129,1.0,1.0,0.1032258064516129,1.0,1.0,0.1032258064516129,1.0,1.0,0.1032258064516129,1.0,1.0
0.10967741935483871,1.0,1.0,0.10967741935483871,1.0,1.0,0.10967741935483871,1.0,1.0,0.10967741935483871,1.0,1.0,0.10967741935483871,1.0,1.0,0.10967741935483871,1.0,1.0,0.10967741935483871,1.0,1.0,0.10967741935483871,1.0,1.0,0.10967741935483871,1.0,1.0
0.10967741935483871,1.0,1.0,0.10967741935483871,1.0,1.0,0.10967741935483871,1.0,1.0,0.10967741935483871,1.0,1.0,0.10967741935483871,1.0,1.0,0.10967741935483871,1.0,1.0,0.10967741935483871,1.0,1.0,0.10967741935483871,1.0,1.0,0.10967741935483871,1.0,1.0
0.11612903225806452,1.0,1.0,0.11612903225806452,1.0,1.0,0.11612903225806452,1.0,1.0,0.11612903225806452,1.0,1.0,0.11612903225806452,1.0,1.0,0.11612903225806452,1.0,1.0,0.11612903225806452,1.0,1.0,0.11612903225806452,1.0,1.0,0.11612903225806452,1.0,1.0
0.11612903225806452,1.0,1.0,0.11612903225806452,1.0,1.0,0.11612903225806452,1.0,1.0,0.11612903225806452,1.0,1.0,0.11612903225806452,1.0,1.0,0.11612903225806452,1.0,1.0,0.11612903225806452,1.0,1.0,0.11612903225806452,1.0,1.0,0.11612903225806452,1.0,1.0
0.12258064516129033,1.0,1.0,0.12258064516129033,1.0,1.0,0.12258064516129033,1.0,1.0,0.12258064516129033,1.0,1.0,0.12258064516129033,1.0,1.0,0.12258064516129033,1.0,1.0,0.12258064516129033,1.0,1.0,0.12258064516129033,1.0,1.0,0.12258064516129033,1.0,1.0
0.12258064516129033,1.0,1.0,0.12258064516129033,1.0,1.0,0.12258064516129033,1.0,1.0,0.12258064516129033,1.0,1.0,0.12258064516129033,1.0,1.0,0.12258064516129033,1.0,1.0,0.12258064516129033,1.0,1.0,0.12258064516129033,1.0,1.0,0.12258064516129033,1.0,1.0
0.12903225806451613,1.0,1.0,0.12903225806451613,1.0,1.0,0.12903225806451613,1.0,1.0,0.12903225806451613,1.0,1.0,0.12903225806451613,1.0,1.0,0.12903225806451613,1.0,1.0,0.12903225806451613,1.0,1.0,0.12903225806451613,1.0,1.0,0.12903225806451613,1.0,1.0
0.12903225806451613,1.0,1.0,0.12903225806451613,1.0,1.0,0.12903225806451613,1.0,1.0,0.12903225806451613,1.0,1.0,0.12903225806451613,1.0,1.0,0.12903225806451613,1.0,1.0,0.12903225806451613,1.0,1.0,0.12903225806451613,1.0,1.0,0.12903225806451613,1.0,1.0
0.13548387096774192,1.0,1.0,0.13548387096774192,1.0,1.0,0.13548387096774192,1.0,1.0,0.13548387096774192,1.0,1.0,0.13548387096774192,1.0,1.0,0.13548387096774192,1.0,1.0,0.13548387096774192,1.0,1.0,0.13548387096774192,1.0,1.0,0.13548387096774192,1.0,1.0
0.13548387096774192,1.0,1.0,0.13548387096774192,1.0,1.0,0.13548387096774192,1.0,1.0,0.13548387096774192,1.0,1.0,0.13548387096774192,1.0,1.0,0.13548387096774192,1.0,1.0,0.13548387096774192,1.0,1.0,0.13548387096774192,1.0,1.0,0.13548387096774192,1.0,1.0
0.14193548387096774,1.0,1.0,0.14193548387096774,1.0,1.0,0.14193548387096774,1.0,1.0,0.14193548387096774,1.0,1.0,0.14193548387096774,1.0,1.0,0.14193548387096774,1.0,1.0,0.14193548387096774,1.0,1.0,0.14193548387096774,1.0,1.0,0.14193548387096774,1.0,1.0
0.14193548387096774,1.0,1.0,0.14193548387096774,1.0,1.0,0.14193548387096774,1.0,1.0,0.14193548387096774,1.0,1.0,0.14193548387096774,1.0,1.0,0.14193548387096774,1.0,1.0,0.14193548387096774,1.0,1.0,0.14193548387096774,1.0,1.0,0.14193548387096774,1.0,1.0
0.14838709677419354,1.0,1.0,0.14838709677419354,1.0,1.0,0.14838709677419354,1.0,1.0,0.14838709677419354,1.0,1.0,0.14838709677419354,1.0,1.0,0.14838709677419354,1.0,1.0,0.14838709677419354,1.0,1.0,0.14838709677419354,1.0,1.0,0.14838709677419354,1.0,1.0
0.14838709677419354,1.0,1.0,0.14838709677419354,1.0,1.0,0.14838709677419354,1.0,1.0,0.14838709677419354,1.0,1.0,0.14838709677419354,1.0,1.0,0.14838709677419354,1.0,1.0,0.14838709677419354,1.0,1.0,0.14838709677419354,1.0,1.0,0.14838709677419354,1.0,1.0
0.15483870967741933,1.0,1.0,0.15483870967741933,1.0,1.0,0.15483870967741933,1.0,1.0,0.15483870967741933,1.0,1.0,0.15483870967741933,1.0,1.0,0.15483870967741933,1.0,1.0,0.15483870967741933,1.0,1.0,0.15483870967741933,1.0,1.0,0.15483870967741933,1.0,1.0
0.15483870967741933,1.0,1.0,0.15483870967741933,1.0,1.0,0.15483870967741933,1.0,1.0,0.15483870967741933,1.0,1.0,0.15483870967741933,1.0,1.0,0.15483870967741933,1.0,1.0,0.15483870967741933,1.0,1.0,0.15483870967741933,1.0,1.0,0.15483870967741933,1.0,1.0
0.16129032258064516,1.0,1.0,0.16129032258064516,1.0,1.0,0.16129032258064516,1.0,1.0,0.16129032258064516,1.0,1.0,0.16129032258064516,1.0,1.0,0.16129032258064516,1.0,1.0,0.16129032258064516,1.0,1.0,0.16129032258064516,1.0,1.0,0.16129032258064516,1.0,1.0
0.16129032258064516,1.0,1.0,0.16129032258064516,1.0,1.0,0.16129032258064516,1.0,1.0,0.16129032258064516,1.0,1.0,0.16129032258064516,1.0,1.0,0.16129032258064516,1.0,1.0,0.16129032258064516,1.0,1.0,0.16129032258064516,1.0,1.0,0.16129032258064516,1.0,1.0
0.16774193548387095,1.0,1.0,0.16774193548387095,1.0,1.0,0.16774193548387095,1.0,1.0,0.16774193548387095,1.0,1.0,0.16774193548387095,1.0,1.0,0.16774193548387095,1.0,1.0,0.16774193548387095,1.0,1.0,0.16774193548387095,1.0,1.0,0.16774193548387095,1.0,1.0
0.16774193548387095,1.0,1.0,0.16774193548387095,1.0,1.0,0.16774193548387095,1.0,1.0,0.16774193548387095,1.0,1.0,0.16774193548387095,1.0,1.0,0.16774193548387095,1.0,1.0,0.16774193548387095,1.0,1.0,0.16774193548387095,1.0,1.0,0.16774193548387095,1.0,1.0
0.17419354838709677,1.0,1.0,0.17419354838709677,1.0,1.0,0.17419354838709677,1.0,1.0,0.17419354838709677,1.0,1.0,0.17419354838709677,1.0,1.0,0.17419354838709677,1.0,1.0,0.17419354838709677,1.0,1.0,0.17419354838709677,1.0,1.0,0.17419354838709677,1.0,1.0
0.17419354838709677,1.0,1.0,0.17419354838709677,1.0,1.0,0.17419354838709677,1.0,1.0,0.17419354838709677,1.0,1.0,0.17419354838709677,1.0,1.0,0.17419354838709677,1.0,1.0,0.17419354838709677,1.0,1.0,0.17419354838709677,1.0,1.0,0.17419354838709677,1.0,1.0
0.18064516129032257,1.0,1.0,0.18064516129032257,1.0,1.0,0.18064516129032257,1.0,1.0,0.18064516129032257,1.0,1.0,0.18064516129032257,1.0,1.0,0.18064516129032257,1.0,1.0,0.18064516129032257,1.0,1.0,0.18064516129032257,1.0,1.0,0.18064516129032257,1.0,1.0
0.18064516129032257,1.0,1.0,0.18064516129032257,1.0,1.0,0.18064516129032257,1.0,1.0,0.18064516129032257,1.0,1.0,0.18064516129032257,1.0,1.0,0.18064516129032257,1.0,1.0,0.18064516129032257,1.0,1.0,0.18064516129032257,1.0,1.0,0.18064516129032257,1.0,1.0
0.18709677419354837,1.0,1.0,0.18709677419354837,1.0,1.0,0.18709677419354837,1.0,1.0,0.18709677419354837,1.0,1.0,0.18709677419354837,1.0,1.0,0.18709677419354837,1.0,1.0,0.18709677419354837,1.0,1.0,0.18709677419354837,1.0,1.0,0.18709677419354837,1.0,1.0
0.18709677419354837,1.0,1.0,0.18709677419354837,1.0,1.0,0.18709677419354837,1.0,1.0,0.18709677419354837,1.0,1.0,0.18709677419354837,1.0,1.0,0.18709677419354837,1.0,1.0,0.18709677419354837,1.0,1.0,0.18709677419354837,1.0,1.0,0.18709677419354837,1.0,1.0
0.1935483870967742,1.0,1.0,0.1935483870967742,1.0,1.0,0.1935483870967742,1.0,1.0,0.1935483870967742,1.0,1.0,0.1935483870967742,1.0,1.0,0.1935483870967742,1.0,1.0,0.1935483870967742,1.0,1.0,0.1935483870967742,1.0,1.0,0.1935483870967742,1.0,1.0
0.1935483870967742,1.0,1.0,0.1935483870967742,1.0,1.0,0.1935483870967742,1.0,1.0,0.1935483870967742,1.0,1.0,0.1935483870967742,1.0,1.0,0.1935483870967742,1.0,1.0,0.1935483870967742,1.0,1.0,0.1935483870967742,1.0,1.0,0.1935483870967742,1.0,1.0
0.19999999999999998,1.0,1.0,0.19999999999999998,1.0,1.0,0.19999999999999998,1.0,1.0,0.19999999999999998,1.0,1.0,0.19999999999999998,1.0,1.0,0.19999999999999998,1.0,1.0,0.19999999999999998,1.0,1.0,0.19999999999999998,1.0,1.0,0.19999999999999998,1.0,1.0
0.19999999999999998,1.0,1.0,0.19999999999999998,1.0,1.0,0.19999999999999998,1.0,1.0,0.19999999999999998,1.0,1.0,0.19999999999999998,1.0,1.0,0.19999999999999998,1.0,1.0,0.19999999999999998,1.0,1.0,0.19999999999999998,1.0,1.0,0.19999999999999998,1.0,1.0
0.2064516129032258,1.0,1.0,0.2064516129032258,1.0,1.0,0.2064516129032258,1.0,1.0,0.2064516129032258,1.0,1.0,0.2064516129032258,1.0,1.0,0.2064516129032258,1.0,1.0,0.2064516129032258,1.0,1.0,0.2064516129032258,1.0,1.0,0.2064516129032258,1.0,1.0
0.2064516129032258,1.0,1.0,0.2064516129032258,1.0,1.0,0.2064516129032258,1.0,1.0,0.2064516129032258,1.0,1.0,0.2064516129032258,1.0,1.0,0.2064516129032258,1.0,1.0,0.2064516129032258,1.0,1.0,0.2064516129032258,1.0,1.0,0.2064516129032258,1.0,1.0
0.2129032258064516,1.0,1.0,0.2129032258064516,1.0,1.0,0.2129032258064516,1.0,1.0,0.2129032258064516,1.0,1.0,0.2129032258064516,1.0,1.0,0.2129032258064516,1.0,1.0,0.2129032258064516,1.0,1.0,0.2129032258064516,1.0,1.0,0.2129032258064516,1.0,1.0
0.2129032258064516,1.0,1.0,0.2129032258064516,1.0,1.0,0.2129032258064516,1.0,1.0,0.2129032258064516,1.0,1.0,0.2129032258064516,1.0,1.0,0.2129032258064516,1.0,1.0,0.2129032258064516,1.0,1.0,0.2129032258064516,1.0,1.0,0.2129032258064516,1.0,1.0
0.2193548387096774,1.0,1.0,0.2193548387096774,1.0,1.0,0.2193548387096774,1.0,1.0,0.2193548387096774,1.0,1.0,0.2193548387096774,1.0,1.0,0.2193548387096774,1.0,1.0,0.2193548387096774,1.0,1.0,0.2193548387096774,1.0,1.0,0.2193548387096774,1.0,1.0
0.2193548387096774,1.0,1.0,0.2193548387096774,1.0,1.0,0.2193548387096774,1.0,1.0,0.2193548387096774,1.0,1.0,0.2193548387096774,1.0,1.0,0.2193548387096774,1.0,1.0,0.2193548387096774,1.0,1.0,0.2193548387096774,1.0,1.0,0.2193548387096774,1.0,1.0
0.22580645161290322,1.0,1.0,0.22580645161290322,1.0,1.0,0.22580645161290322,1.0,1.0,0.22580645161290322,1.0,1.0,0.22580645161290322,1.0,1.0,0.22580645161290322,1.0,1.0,0.22580645161290322,1.0,1.0,0.22580645161290322,1.0,1.0,0.22580645161290322,1.0,1.0
0.22580645161290322,1.0,1.0,0.22580645161290322,1.0,1.0,0.22580645161290322,1.0,1.0,0.22580645161290322,1.0,1.0,0.22580645161290322,1.0,1.0,0.22580645161290322,1.0,1.0,0.22580645161290322,1.0,1.0,0.22580645161290322,1.0,1.0,0.22580645161290322,1.0,1.0
0.23225806451612901,1.0,1.0,0.23225806451612901,1.0,1.0,0.23225806451612901,1.0,1.0,0.23225806451612901,1.0,1.0,0.23225806451612901,1.0,1.0,0.23225806451612901,1.0,1.0,0.23225806451612901,1.0,1.0,0.23225806451612901,1.0,1.0,0.23225806451612901,1.0,1.0
0.23225806451612901,1.0,1.0,0.23225806451612901,1.0,1.0,0.23225806451612901,1.0,1.0,0.23225806451612901,1.0,1.0,0.23225806451612901,1.0,1.0,0.23225806451612901,1.0,1.0,0.23225806451612901,1.0,1.0,0.23225806451612901,1.0,1.0,0.23225806451612901,1.0,1.0
0.23870967741935484,1.0,1.0,0.23870967741935484,1.0,1.0,0.23870967741935484,1.0,1.0,0.23870967741935484,1.0,1.0,0.23870967741935484,1.0,1.0,0.23870967741935484,1.0,1.0,0.23870967741935484,1.0,1.0,0.23870967741935484,1.0,1.0,0.23870967741935484,1.0,1.0
0.23870967741935484,1.0,1.0,0.23870967741935484,1.0,1.0,0.23870967741935484,1.0,1.0,0.23870967741935484,1.0,1.0,0.23870967741935484,1.0,1.0,0.23870967741935484,1.0,1.0,0.23870967741935484,1.0,1.0,0.23870967741935484,1.0,1.0,0.23870967741935484,1.0,1.0
0.24516129032258063,1.0,1.0,0.24516129032258063,1.0,1.0,0.24516129032258063,1.0,1.0,0.24516129032258063,1.0,1.0,0.24516129032258063,1.0,1.0,0.24516129032258063,1.0,1.0,0.24516129032258063,1.0,1.0,0.24516129032258063,1.0,1.0,0.24516129032258063,1.0,1.0
0.24516129032258063,1.0,1.0,0.24516129032258063,1.0,1.0,0.24516129032258063,1.0,1.0,0.24516129032258063,1.0,1.0,0.24516129032258063,1.0,1.0,0.24516129032258063,1.0,1.0,0.24516129032258063,1.0,1.0,0.24516129032258063,1.0,1.0,0.24516129032258063,1.0,1.0
0.25161290322580643,1.0,1.0,0.25161290322580643,1.0,1.0,0.25161290322580643,1.0,1.0,0.25161290322580643,1.0,1.0,0.25161290322580643,1.0,1.0,0.25161290322580643,1.0,1.0,0.25161290322580643,1.0,1.0,0.25161290322580643,1.0,1.0,0.25161290322580643,1.0,1.0
0.25161290322580643,1.0,1.0,0.25161290322580643,1.0,1.0,0.25161290322580643,1.0,1.0,0.25161290322580643,1.0,1.0,0.25161290322580643,1.0,1.0,0.25161290322580643,1.0,1.0,0.25161290322580643,1.0,1.0,0.25161290322580643,1.0,1.0,0.25161290322580643,1.0,1.0
0.25806451612903225,1.0,1.0,0.25806451612903225,1.0,1.0,0.25806451612903225,1.0,1.0,0.25806451612903225,1.0,1.0,0.25806451612903225,1.0,1.0,0.25806451612903225,1.0,1.0,0.25806451612903225,1.0,1.0,0.25806451612903225,1.0,1.0,0.25806451612903225,1.0,1.0
0.25806451612903225,1.0,1.0,0.25806451612903225,1.0,1.0,0.25806451612903225,1.0,1.0,0.25806451612903225,1.0,1.0,0.25806451612903225,1.0,1.0,0.25806451612903225,1.0,1.0,0.25806451612903225,1.0,1.0,0.25806451612903225,1.0,1.0,0.25806451612903225,1.0,1.0
0.2645161290322581,1.0,1.0,0.2645161290322581,1.0,1.0,0.2645161290322581,1.0,1.0,0.2645161290322581,1.0,1.0,0.2645161290322581,1.0,1.0,0.2645161290322581,1.0,1.0,0.2645161290322581,1.0,1.0,0.2645161290322581,1.0,1.0,0.2645161290322581,1.0,1.0
0.2645161290322581,1.0,1.0,0.2645161290322581,1.0,1.0,0.2645161290322581,1.0,1.0,0.2645161290322581,1.0,1.0,0.2645161290322581,1.0,1.0,0.2645161290322581,1.0,1.0,0.2645161290322581,1.0,1.0,0.2645161290322581,1.0,1.0,0.2645161290322581,1.0,1.0
0.2709677419354839,1.0,1.0,0.2709677419354839,1.0,1.0,0.2709677419354839,1.0,1.0,0.2709677419354839,1.0,1.0,0.2709677419354839,1.0,1.0,0.2709677419354839,1.0,1.0,0.2709677419354839,1.0,1.0,0.2709677419354839,1.0,1.0,0.2709677419354839,1.0,1.0
0.2709677419354839,1.0,1.0,0.2709677419354839,1.0,1.0,0.2709677419354839,1.0,1.0,0.2709677419354839,1.0,1.0,0.2709677419354839,1.0,1.0,0.2709677419354839,1.0,1.0,0.2709677419354839,1.0,1.0,0.2709677419354839,1.0,1.0,0.2709677419354839,1.0,1.0
0.2774193548387097,1.0,1.0,0.2774193548387097,1.0,1.0,0.2774193548387097,1.0,1.0,0.2774193548387097,1.0,1.0,0.2774193548387097,1.0,1.0,0.2774193548387097,1.0,1.0,0.2774193548387097,1.0,1.0,0.2774193548387097,1.0,1.0,0.2774193548387097,1.0,1.0
0.2774193548387097,1.0,1.0,0.2774193548387097,1.0,1.0,0.2774193548387097,1.0,1.0,0.2774193548387097,1.0,1.0,0.2774193548387097,1.0,1.0,0.2774193548387097,1.0,1.0,0.2774193548387097,1.0,1.0,0.2774193548387097,1.0,1.0,0.2774193548387097,1.0,1.0
0.2838709677419355,1.0,1.0,0.2838709677419355,1.0,1.0,0.2838709677419355,1.0,1.0,0.2838709677419355,1.0,1.0,0.2838709677419355,1.0,1.0,0.2838709677419355,1.0,1.0,0.2838709677419355,1.0,1.0,0.2838709677419355,1.0,1.0,0.2838709677419355,1.0,1.0
0.2838709677419355,1.0,1.0,0.2838709677419355,1.0,1.0,0.2838709677419355,1.0,1.0,0.2838709677419355,1.0,1.0,0.2838709677419355,1.0,1.0,0.2838709677419355,1.0,1.0,0.2838709677419355,1.0,1.0,0.2838709677419355,1.0,1.0,0.2838709677419355,1.0,1.0
0.2903225806451613,1.0,1.0,0.2903225806451613,1.0,1.0,0.2903225806451613,1.0,1.0,0.2903225806451613,1.0,1.0,0.2903225806451613,1.0,1.0,0.2903225806451613,1.0,1.0,0.2903225806451613,1.0,1.0,0.2903225806451613,1.0,1.0,0.2903225806451613,1.0,1.0
0.2903225806451613,1.0,1.0,0.2903225806451613,1.0,1.0,0.2903225806451613,1.0,1.0,0.2903225806451613,1.0,1.0,0.2903225806451613,1.0,1.0,0.2903225806451613,1.0,1.0,0.2903225806451613,1.0,1.0,0.2903225806451613,1.0,1.0,0.2903225806451613,1.0,1.0
0.29677419354838713,1.0,1.0,0.29677419354838713,1.0,1.0,0.29677419354838713,1.0,1.0,0.29677419354838713,1.0,1.0,0.29677419354838713,1.0,1.0,0.29677419354838713,1.0,1.0,0.29677419354838713,1.0,1.0,0.29677419354838713,1.0,1.0,0.29677419354838713,1.0,1.0
0.29677419354838713,1.0,1.0,0.29677419354838713,1.0,1.0,0.29677419354838713,1.0,1.0,0.29677419354838713,1.0,1.0,0.29677419354838713,1.0,1.0,0.29677419354838713,1.0,1.0,0.29677419354838713,1.0,1.0,0.29677419354838713,1.0,1.0,0.29677419354838713,1.0,1.0
0.3032258064516129,1.0,1.0,0.3032258064516129,1.0,1.0,0.3032258064516129,1.0,1.0,0.3032258064516129,1.0,1.0,0.3032258064516129,1.0,1.0,0.3032258064516129,1.0,1.0,0.3032258064516129,1.0,1.0,0.3032258064516129,1.0,1.0,0.3032258064516129,1.0,1.0
0.3032258064516129,1.0,1.0,0.3032258064516129,1.0,1.0,0.3032258064516129,1.0,1.0,0.3032258064516129,1.0,1.0,0.3032258064516129,1.0,1.0,0.3032258064516129,1.0,1.0,0.3032258064516129,1.0,1.0,0.3032258064516129,1.0,1.0,0.3032258064516129,1.0,1.0
0.3096774193548387,1.0,1.0,0.3096774193548387,1.0,1.0,0.3096774193548387,1.0,1.0,0.3096774193548387,1.0,1.0,0.3096774193548387,1.0,1.0,0.3096774193548387,1.0,1.0,0.3096774193548387,1.0,1.0,0.3096774193548387,1.0,1.0,0.3096774193548387,1.0,1.0
0.3096774193548387,1.0,1.0,0.3096774193548387,1.0,1.0,0.3096774193548387,1.0,1.0,0.3096774193548387,1.0,1.0,0.3096774193548387,1.0,1.0,0.3096774193548387,1.0,1.0,0.3096774193548387,1.0,1.0,0.3096774193548387,1.0,1.0,0.3096774193548387,1.0,1.0
0.31612903225806455,1.0,1.0,0.31612903225806455,1.0,1.0,0.31612903225806455,1.0,1.0,0.31612903225806455,1.0,1.0,0.31612903225806455,1.0,1.0,0.31612903225806455,1.0,1.0,0.31612903225806455,1.0,1.0,0.31612903225806455,1.0,1.0,0.31612903225806455,1.0,1.0
0.31612903225806455,1.0,1.0,0.31612903225806455,1.0,1.0,0.31612903225806455,1.0,1.0,0.31612903225806455,1.0,1.0,0.31612903225806455,1.0,1.0,0.31612903225806455,1.0,1.0,0.31612903225806455,1.0,1.0,0.31612903225806455,1.0,1.0,0.31612903225806455,1.0,1.0
0.3225806451612903,1.0,1.0,0.3225806451612903,1.0,1.0,0.3225806451612903,1.0,1.0,0.3225806451612903,1.0,1.0,0.3225806451612903,1.0,1.0,0.3225806451612903,1.0,1.0,0.3225806451612903,1.0,1.0,0.3225806451612903,1.0,1.0,0.3225806451612903,1.0,1.0
0.3225806451612903,1.0,1.0,0.3225806451612903,1.0,1.0,0.3225806451612903,1.0,1.0,0.3225806451612903,1.0,1.0,0.3225806451612903,1.0,1.0,0.3225806451612903,1.0,1.0,0.3225806451612903,1.0,1.0,0.3225806451612903,1.0,1.0,0.3225806451612903,1.0,1.0
0.32903225806451614,1.0,1.0,0.32903225806451614,1.0,1.0,0.32903225806451614,1.0,1.0,0.32903225806451614,1.0,1.0,0.32903225806451614,1.0,1.0,0.32903225806451614,1.0,1.0,0.32903225806451614,1.0,1.0,0.32903225806451614,1.0,1.0,0.32903225806451614,1.0,1.0
0.32903225806451614,1.0,1.0,0.32903225806451614,1.0,1.0,0.32903225806451614,1.0,1.0,0.32903225806451614,1.0,1.0,0.32903225806451614,1.0,1.0,0.32903225806451614,1.0,1.0,0.32903225806451614,1.0,1.0,0.32903225806451614,1.0,1.0,0.32903225806451614,1.0,1.0
0.33548387096774196,1.0,1.0,0.33548387096774196,1.0,1.0,0.33548387096774196,1.0,1.0,0.33548387096774196,1.0,1.0,0.33548387096774196,1.0,1.0,0.33548387096774196,1.0,1.0,0.33548387096774196,1.0,1.0,0.33548387096774196,1.0,1.0,0.33548387096774196,1.0,1.0
0.33548387096774196,1.0,1.0,0.33548387096774196,1.0,1.0,0.33548387096774196,1.0,1.0,0.33548387096774196,1.0,1.0,0.33548387096774196,1.0,1.0,0.33548387096774196,1.0,1.0,0.33548387096774196,1.0,1.0,0.33548387096774196,1.0,1.0,0.33548387096774196,1.0,1.0
0.3419354838709678,1.0,1.0,0.3419354838709678,1.0,1.0,0.3419354838709678,1.0,1.0,0.3419354838709678,1.0,1.0,0.3419354838709678,1.0,1.0,0.3419354838709678,1.0,1.0,0.3419354838709678,1.0,1.0,0.3419354838709678,1.0,1.0,0.3419354838709678,1.0,1.0
0.3419354838709678,1.0,1.0,0.3419354838709678,1.0,1.0,0.3419354838709678,1.0,1.0,0.3419354838709678,1.0,1.0,0.3419354838709678,1.0,1.0,0.3419354838709678,1.0,1.0,0.3419354838709678,1.0,1.0,0.3419354838709678,1.0,1.0,0.3419354838709678,1.0,1.0
0.34838709677419355,1.0,1.0,0.34838709677419355,1.0,1.0,0.34838709677419355,1.0,1.0,0.34838709677419355,1.0,1.0,0.34838709677419355,1.0,1.0,0.34838709677419355,1.0,1.0,0.34838709677419355,1.0,1.0,0.34838709677419355,1.0,1.0,0.34838709677419355,1.0,1.0
0.34838709677419355,1.0,1.0,0.34838709677419355,1.0,1.0,0.34838709677419355,1.0,1.0,0.34838709677419355,1.0,1.0,0.34838709677419355,1.0,1.0,0.34838709677419355,1.0,1.0,0.34838709677419355,1.0,1.0,0.34838709677419355,1.0,1.0,0.34838709677419355,1.0,1.0
0.3548387096774194,1.0,1.0,0.3548387096774194,1.0,1.0,0.3548387096774194,1.0,1.0,0.3548387096774194,1.0,1.0,0.3548387096774194,1.0,1.0,0.3548387096774194,1.0,1.0,0.3548387096774194,1.0,1.0,0.3548387096774194,1.0,1.0,0.3548387096774194,1.0,1.0
0.3548387096774194,1.0,1.0,0.3548387096774194,1.0,1.0,0.3548387096774194,1.0,1.0,0.3548387096774194,1.0,1.0,0.3548387096774194,1.0,1.0,0.3548387096774194,1.0,1.0,0.3548387096774194,1.0,1.0,0.3548387096774194,1.0,1.0,0.3548387096774194,1.0,1.0
0.3612903225806452,1.0,1.0,0.3612903225806452,1.0,1.0,0.3612903225806452,1.0,1.0,0.3612903225806452,1.0,1.0,0.3612903225806452,1.0,1.0,0.3612903225806452,1.0,1.0,0.3612903225806452,1.0,1.0,0.3612903225806452,1.0,1.0,0.3612903225806452,1.0,1.0
0.3612903225806452,1.0,1.0,0.3612903225806452,1.0,1.0,0.3612903225806452,1.0,1.0,0.3612903225806452,1.0,1.0,0.3612903225806452,1.0,1.0,0.3612903225806452,1.0,1.0,0.3612903225806452,1.0,1.0,0.3612903225806452,1.0,1.0,0.3612903225806452,1.0,1.0
0.36774193548387096,1.0,1.0,0.36774193548387096,1.0,1.0,0.36774193548387096,1.0,1.0,0.36774193548387096,1.0,1.0,0.36774193548387096,1.0,1.0,0.36774193548387096,1.0,1.0,0.36774193548387096,1.0,1.0,0.36774193548387096,1.0,1.0,0.36774193548387096,1.0,1.0
0.36774193548387096,1.0,1.0,0.36774193548387096,1.0,1.0,0.36774193548387096,1.0,1.0,0.36774193548387096,1.0,1.0,0.36774193548387096,1.0,1.0,0.36774193548387096,1.0,1.0,0.36774193548387096,1.0,1.0,0.36774193548387096,1.0,1.0,0.36774193548387096,1.0,1.0
0.3741935483870968,1.0,1.0,0.3741935483870968,1.0,1.0,0.3741935483870968,1.0,1.0,0.3741935483870968,1.0,1.0,0.3741935483870968,1.0,1.0,0.3741935483870968,1.0,1.0,0.3741935483870968,1.0,1.0,0.3741935483870968,1.0,1.0,0.3741935483870968,1.0,1.0
0.3741935483870968,1.0,1.0,0.3741935483870968,1.0,1.0,0.3741935483870968,1.0,1.0,0.3741935483870968,1.0,1.0,0.3741935483870968,1.0,1.0,0.3741935483870968,1.0,1.0,0.3741935483870968,1.0,1.0,0.3741935483870968,1.0,1.0,0.3741935483870968,1.0,1.0
0.3806451612903226,1.0,1.0,0.3806451612903226,1.0,1.0,0.3806451612903226,1.0,1.0,0.3806451612903226,1.0,1.0,0.3806451612903226,1.0,1.0,0.3806451612903226,1.0,1.0,0.3806451612903226,1.0,1.0,0.3806451612903226,1.0,1.0,0.3806451612903226,1.0,1.0
0.3806451612903226,1.0,1.0,0.3806451612903226,1.0,1.0,0.3806451612903226,1.0,1.0,0.3806451612903226,1.0,1.0,0.3806451612903226,1.0,1.0,0.3806451612903226,1.0,1.0,0.3806451612903226,1.0,1.0,0.3806451612903226,1.0,1.0,0.3806451612903226,1.0,1.0
0.3870967741935484,1.0,1.0,0.3870967741935484,1.0,1.0,0.3870967741935484,1.0,1.0,0.3870967741935484,1.0,1.0,0.3870967741935484,1.0,1.0,0.3870967741935484,1.0,1.0,0.3870967741935484,1.0,1.0,0.3870967741935484,1.0,1.0,0.3870967741935484,1.0,1.0
0.3870967741935484,1.0,1.0,0.3870967741935484,1.0,1.0,0.3870967741935484,1.0,1.0,0.3870967741935484,1.0,1.0,0.3870967741935484,1.0,1.0,0.3870967741935484,1.0,1.0,0.3870967741935484,1.0,1.0,0.3870967741935484,1.0,1.0,0.3870967741935484,1.0,1.0
0.3935483870967742,1.0,1.0,0.3935483870967742,1.0,1.0,0.3935483870967742,1.0,1.0,0.3935483870967742,1.0,1.0,0.3935483870967742,1.0,1.0,0.3935483870967742,1.0,1.0,0.3935483870967742,1.0,1.0,0.3935483870967742,1.0,1.0,0.3935483870967742,1.0,1.0
0.3935483870967742,1.0,1.0,0.3935483870967742,1.0,1.0,0.3935483870967742,1.0,1.0,0.3935483870967742,1.0,1.0,0.3935483870967742,1.0,1.0,0.3935483870967742,1.0,1.0,0.3935483870967742,1.0,1.0,0.3935483870967742,1.0,1.0,0.3935483870967742,1.0,1.0
0.4,1.0,1.0,0.4,1.0,1.0,0.4,1.0,1.0,0.4,1.0,1.0,0.4,1.0,1.0,0.4,1.0,1.0,0.4,1.0,1.0,0.4,1.0,1.0,0.4,1.0,1.0
0.4,1.0,1.0,0.4,1.0,1.0,0.4,1.0,1.0,0.4,1.0,1.0,0.4,1.0,1.0,0.4,1.0,1.0,0.4,1.0,1.0,0.4,1.0,1.0,0.4,1.0,1.0
0.40645161290322585,1.0,1.0,0.40645161290322585,1.0,1.0,0.40645161290322585,1.0,1.0,0.40645161290322585,1.0,1.0,0.40645161290322585,1.0,1.0,0.40645161290322585,1.0,1.0,0.40645161290322585,1.0,1.0,0.40645161290322585,1.0,1.0,0.40645161290322585,1.0,1.0
0.40645161290322585,1.0,1.0,0.40645161290322585,1.0,1.0,0.40645161290322585,1.0,1.0,0.40645161290322585,1.0,1.0,0.40645161290322585,1.0,1.0,0.40645161290322585,1.0,1.0,0.40645161290322585,1.0,1.0,0.40645161290322585,1.0,1.0,0.40645161290322585,1.0,1.0
0.4129032258064516,1.0,1.0,0.4129032258064516,1.0,1.0,0.4129032258064516,1.0,1.0,0.4129032258064516,1.0,1.0,0.4129032258064516,1.0,1.0,0.4129032258064516,1.0,1.0,0.4129032258064516,1.0,1.0,0.4129032258064516,1.0,1.0,0.4129032258064516,1.0,1.0
0.4129032258064516,1.0,1.0,0.4129032258064516,1.0,1.0,0.4129032258064516,1.0,1.0,0.4129032258064516,1.0,1.0,0.4129032258064516,1.0,1.0,0.4129032258064516,1.0,1.0,0.4129032258064516,1.0,1.0,0.4129032258064516,1.0,1.0,0.4129032258064516,1.0,1.0
0.41935483870967744,1.0,1.0,0.41935483870967744,1.0,1.0,0.41935483870967744,1.0,1.0,0.41935483870967744,1.0,1.0,0.41935483870967744,1.0,1.0,0.41935483870967744,1.0,1.0,0.41935483870967744,1.0,1.0,0.41935483870967744,1.0,1.0,0.41935483870967744,1.0,1.0
0.41935483870967744,1.0,1.0,0.41935483870967744,1.0,1.0,0.41935483870967744,1.0,1.0,0.41935483870967744,1.0,1.0,0.41935483870967744,1.0,1.0,0.41935483870967744,1.0,1.0,0.41935483870967744,1.0,1.0,0.41935483870967744,1.0,1.0,0.41935483870967744,1.0,1.0
0.42580645161290326,1.0,1.0,0.42580645161290326,1.0,1.0,0.42580645161290326,1.0,1.0,0.42580645161290326,1.0,1.0,0.42580645161290326,1.0,1.0,0.42580645161290326,1.0,1.0,0.42580645161290326,1.0,1.0,0.42580645161290326,1.0,1.0,0.42580645161290326,1.0,1.0
0.42580645161290326,1.0,1.0,0.42580645161290326,1.0,1.0,0.42580645161290326,1.0,1.0,0.42580645161290326,1.0,1.0,0.42580645161290326,1.0,1.0,0.42580645161290326,1.0,1.0,0.42580645161290326,1.0,1.0,0.42580645161290326,1.0,1.0,0.42580645161290326,1.0,1.0
0.432258064516129,1.0,1.0,0.432258064516129,1.0,1.0,0.432258064516129,1.0,1.0,0.432258064516129,1.0,1.0,0.432258064516129,1.0,1.0,0.432258064516129,1.0,1.0,0.432258064516129,1.0,1.0,0.432258064516129,1.0,1.0,0.432258064516129,1.0,1.0
0.432258064516129,1.0,1.0,0.432258064516129,1.0,1.0,0.432258064516129,1.0,1.0,0.432258064516129,1.0,1.0,0.432258064516129,1.0,1.0,0.432258064516129,1.0,1.0,0.432258064516129,1.0,1.0,0.432258064516129,1.0,1.0,0.432258064516129,1.0,1.0
0.43870967741935485,1.0,1.0,0.43870967741935485,1.0,1.0,0.43870967741935485,1.0,1.0,0.43870967741935485,1.0,1.0,0.43870967741935485,1.0,1.0,0.43870967741935485,1.0,1.0,0.43870967741935485,1.0,1.0,0.43870967741935485,1.0,1.0,0.43870967741935485,1.0,1.0
0.43870967741935485,1.0,1.0,0.43870967741935485,1.0,1.0,0.43870967741935485,1.0,1.0,0.43870967741935485,1.0,1.0,0.43870967741935485,1.0,1.0,0.43870967741935485,1.0,1.0,0.43870967741935485,1.0,1.0,0.43870967741935485,1.0,1.0,0.43870967741935485,1.0,1.0
0.44516129032258067,1.0,1.0,0.44516129032258067,1.0,1.0,0.44516129032258067,1.0,1.0,0.44516129032258067,1.0,1.0,0.44516129032258067,1.0,1.0,0.44516129032258067,1.0,1.0,0.44516129032258067,1.0,1.0,0.44516129032258067,1.0,1.0,0.44516129032258067,1.0,1.0
0.44516129032258067,1.0,1.0,0.44516129032258067,1.0,1.0,0.44516129032258067,1.0,1.0,0.44516129032258067,1.0,1.0,0.44516129032258067,1.0,1.0,0.44516129032258067,1.0,1.0,0.44516129032258067,1.0,1.0,0.44516129032258067,1.0,1.0,0.44516129032258067,1.0,1.0
0.4516129032258065,1.0,1.0,0.4516129032258065,1.0,1.0,0.4516129032258065,1.0,1.0,0.4516129032258065,1.0,1.0,0.4516129032258065,1.0,1.0,0.4516129032258065,1.0,1.0,0.4516129032258065,1.0,1.0,0.4516129032258065,1.0,1.0,0.4516129032258065,1.0,1.0
0.4516129032258065,1.0,1.0,0.4516129032258065,1.0,1.0,0.4516129032258065,1.0,1.0,0.4516129032258065,1.0,1.0,0.4516129032258065,1.0,1.0,0.4516129032258065,1.0,1.0,0.4516129032258065,1.0,1.0,0.4516129032258065,1.0,1.0,0.4516129032258065,1.0,1.0
0.45806451612903226,1.0,1.0,0.45806451612903226,1.0,1.0,0.45806451612903226,1.0,1.0,0.45806451612903226,1.0,1.0,0.45806451612903226,1.0,1.0,0.45806451612903226,1.0,1.0,0.45806451612903226,1.0,1.0,0.45806451612903226,1.0,1.0,0.45806451612903226,1.0,1.0
0.45806451612903226,1.0,1.0,0.45806451612903226,1.0,1.0,0.45806451612903226,1.0,1.0,0.45806451612903226,1.0,1.0,0.45806451612903226,1.0,1.0,0.45806451612903226,1.0,1.0,0.45806451612903226,1.0,1.0,0.45806451612903226,1.0,1.0,0.45806451612903226,1.0,1.0
0.4645161290322581,1.0,1.0,0.4645161290322581,1.0,1.0,0.4645161290322581,1.0,1.0,0.4645161290322581,1.0,1.0,0.4645161290322581,1.0,1.0,0.4645161290322581,1.0,1.0,0.4645161290322581,1.0,1.0,0.4645161290322581,1.0,1.0,0.4645161290322581,1.0,1.0
0.4645161290322581,1.0,1.0,0.4645161290322581,1.0,1.0,0.4645161290322581,1.0,1.0,0.4645161290322581,1.0,1.0,0.4645161290322581,1.0,1.0,0.4645161290322581,1.0,1.0,0.4645161290322581,1.0,1.0,0.4645161290322581,1.0,1.0,0.4645161290322581,1.0,1.0
0.4709677419354839,1.0,1.0,0.4709677419354839,1.0,1.0,0.4709677419354839,1.0,1.0,0.4709677419354839,1.0,1.0,0.4709677419354839,1.0,1.0,0.4709677419354839,1.0,1.0,0.4709677419354839,1.0,1.0,0.4709677419354839,1.0,1.0,0.4709677419354839,1.0,1.0
0.4709677419354839,1.0,1.0,0.4709677419354839,1.0,1.0,0.4709677419354839,1.0,1.0,0.4709677419354839,1.0,1.0,0.4709677419354839,1.0,1.0,0.4709677419354839,1.0,1.0,0.4709677419354839,1.0,1.0,0.4709677419354839,1.0,1.0,0.4709677419354839,1.0,1.0
0.4774193548387097,1.0,1.0,0.4774193548387097,1.0,1.0,0.4774193548387097,1.0,1.0,0.4774193548387097,1.0,1.0,0.4774193548387097,1.0,1.0,0.4774193548387097,1.0,1.0,0.4774193548387097,1.0,1.0,0.4774193548387097,1.0,1.0,0.4774193548387097,1.0,1.0
0.4774193548387097,1.0,1.0,0.4774193548387097,1.0,1.0,0.4774193548387097,1.0,1.0,0.4774193548387097,1.0,1.0,0.4774193548387097,1.0,1.0,0.4774193548387097,1.0,1.0,0.4774193548387097,1.0,1.0,0.4774193548387097,1.0,1.0,0.4774193548387097,1.0,1.0
0.4838709677419355,1.0,1.0,0.4838709677419355,1.0,1.0,0.4838709677419355,1.0,1.0,0.4838709677419355,1.0,1.0,0.4838709677419355,1.0,1.0,0.4838709677419355,1.0,1.0,0.4838709677419355,1.0,1.0,0.4838709677419355,1.0,1.0,0.4838709677419355,1.0,1.0
0.4838709677419355,1.0,1.0,0.4838709677419355,1.0,1.0,0.4838709677419355,1.0,1.0,0.4838709677419355,1.0,1.0,0.4838709677419355,1.0,1.0,0.4838709677419355,1.0,1.0,0.4838709677419355,1.0,1.0,0.4838709677419355,1.0,1.0,0.4838709677419355,1.0,1.0
0.4903225806451613,1.0,1.0,0.4903225806451613,1.0,1.0,0.4903225806451613,1.0,1.0,0.4903225806451613,1.0,1.0,0.4903225806451613,1.0,1.0,0.4903225806451613,1.0,1.0,0.4903225806451613,1.0,1.0,0.4903225806451613,1.0,1.0,0.4903225806451613,1.0,1.0
0.4903225806451613,1.0,1.0,0.4903225806451613,1.0,1.0,0.4903225806451613,1.0,1.0,0.4903225806451613,1.0,1.0,0.4903225806451613,1.0,1.0,0.4903225806451613,1.0,1.0,0.4903225806451613,1.0,1.0,0.4903225806451613,1.0,1.0,0.4903225806451613,1.0,1.0
0.4967741935483871,1.0,1.0,0.4967741935483871,1.0,1.0,0.4967741935483871,1.0,1.0,0.4967741935483871,1.0,1.0,0.4967741935483871,1.0,1.0,0.4967741935483871,1.0,1.0,0.4967741935483871,1.0,1.0,0.4967741935483871,1.0,1.0,0.4967741935483871,1.0,1.0
0.4967741935483871,1.0,1.0,0.4967741935483871,1.0,1.0,0.4967741935483871,1.0,1.0,0.4967741935483871,1.0,1.0,0.4967741935483871,1.0,1.0,0.4967741935483871,1.0,1.0,0.4967741935483871,1.0,1.0,0.4967741935483871,1.0,1.0,0.4967741935483871,1.0,1.1666666666666667
0.5032258064516129,1.0,1.0,0.5032258064516129,1.0,1.0,0.5032258064516129,1.0,1.0,0.5032258064516129,1.0,1.0,0.5032258064516129,1.0,1.0,0.5032258064516129,1.0,1.0,0.5032258064516129,1.0,1.0,0.5032258064516129,1.0,1.0,0.5032258064516129,1.0,1.1666666666666667
0.5032258064516129,1.0,1.0,0.5032258064516129,1.0,1.0,0.5032258064516129,1.0,1.0,0.5032258064516129,1.0,1.0,0.5032258064516129,1.0,1.0,0.5032258064516129,1.0,1.0,0.5032258064516129,1.0,1.0,0.5032258064516129,1.0,1.1666666666666667,0.5032258064516129,1.0,1.2307692307692308
0.5096774193548387,1.0,1.0,0.5096774193548387,1.0,1.0,0.5096774193548387,1.0,1.0,0.5096774193548387,1.0,1.0,0.5096774193548387,1.0,1.0,0.5096774193548387,1.0,1.0,0.5096774193548387,1.0,1.0,0.5096774193548387,1.0,1.1666666666666667,0.5096774193548387,1.0,1.2307692307692308
0.5096774193548387,1.0,1.0,0.5096774193548387,1.0,1.0,0.5096774193548387,1.0,1.0,0.5096774193548387,1.0,1.0,0.5096774193548387,1.0,1.0,0.5096774193548387,1.0,1.0,0.5096774193548387,1.0,1.0,0.5096774193548387,1.0,1.2307692307692308,0.5096774193548387,1.0,1.3653846153846154
0.5161290322580645,1.0,1.0,0.5161290322580645,1.0,1.0,0.5161290322580645,1.0,1.0,0.5161290322580645,1.0,1.0,0.5161290322580645,1.0,1.0,0.5161290322580645,1.0,1.0,0.5161290322580645,1.0,1.0,0.5161290322580645,1.0,1.2307692307692308,0.5161290322580645,1.0,1.3653846153846154
0.5161290322580645,1.0,1.0,0.5161290322580645,1.0,1.0,0.5161290322580645,1.0,1.0,0.5161290322580645,1.0,1.0,0.5161290322580645,1.0,1.0,0.5161290322580645,1.0,1.0,0.5161290322580645,1.0,1.04,0.5161290322580645,1.0,1.3653846153846154,0.5161290322580645,1.0,1.6363636363636365
0.5225806451612903,1.0,1.0,0.5225806451612903,1.0,1.0,0.5225806451612903,1.0,1.0,0.5225806451612903,1.0,1.0,0.5225806451612903,1.0,1.0,0.5225806451612903,1.0,1.0,0.5225806451612903,1.0,1.04,0.5225806451612903,1.0,1.3653846153846154,0.5225806451612903,1.0,1.6363636363636365
0.5225806451612903,1.0,1.0,0.5225806451612903,1.0,1.0,0.5225806451612903,1.0,1.0,0.5225806451612903,1.0,1.0,0.5225806451612903,1.0,1.0,0.5225806451612903,1.0,1.0,0.5225806451612903,1.0,1.1666666666666667,0.5225806451612903,1.0,1.4242424242424243,0.5225806451612903,1.0,2.6666666666666665
0.5290322580645161,1.0,1.0,0.5290322580645161,1.0,1.0,0.5290322580645161,1.0,1.0,0.5290322580645161,1.0,1.0,0.5290322580645161,1.0,1.0,0.5290322580645161,1.0,1.0,0.5290322580645161,1.0,1.1666666666666667,0.5290322580645161,1.0,1.4242424242424243,0.5290322580645161,1.0,2.6666666666666665
0.5290322580645161,1.0,1.0,0.5290322580645161,1.0,1.0,0.5290322580645161,1.0,1.0,0.5290322580645161,1.0,1.0,0.5290322580645161,1.0,1.0,0.5290322580645161,1.0,1.1666666666666667,0.5290322580645161,1.0,1.2307692307692308,0.5290322580645161,1.0,2.6666666666666665,0.5290322580645161,1.0,3.8823529411764706
0.535483870967742,1.0,1.0,0.535483870967742,1.0,1.0,0.535483870967742,1.0,1.0,0.535483870967742,1.0,1.0,0.535483870967742,1.0,1.0,0.535483870967742,1.0,1.1666666666666667,0.535483870967742,1.0,1.2307692307692308,0.535483870967742,1.0,2.6666666666666665,0.535483870967742,1.0,3.8823529411764706
0.535483870967742,1.0,1.0,0.535483870967742,1.0,1.0,0.535483870967742,1.0,1.0,0.535483870967742,1.0,1.0,0.535483870967742,1.0,1.0,0.535483870967742,1.0,1.1818181818181819,0.535483870967742,1.0,1.3653846153846154,0.535483870967742,1.0,3.8823529411764706,0.535483870967742,1.0,6.463414634146343
0.5419354838709678,1.0,1.0,0.5419354838709678,1.0,1.0,0.5419354838709678,1.0,1.0,0.5419354838709678,1.0,1.0,0.5419354838709678,1.0,1.0,0.5419354838709678,1.0,1.1818181818181819,0.5419354838709678,1.0,1.3653846153846154,0.5419354838709678,1.0,3.8823529411764706,0.5419354838709678,1.0,6.463414634146343
0.5419354838709678,1.0,1.0,0.5419354838709678,1.0,1.0,0.5419354838709678,1.0,1.0,0.5419354838709678,1.0,1.0,0.5419354838709678,1.0,1.0,0.5419354838709678,1.0,1.75,0.5419354838709678,1.0,1.4242424242424243,0.5419354838709678,1.0,6.463414634146343,0.5419354838709678,1.0,41.7757287328971
0.5483870967741936,1.0,1.0,0.5483870967741936,1.0,1.0,0.5483870967741936,1.0,1.0,0.5483870967741936,1.0,1.0,0.5483870967741936,1.0,1.0,0.5483870967741936,1.0,1.75,0.5483870967741936,1.0,1.4242424242424243,0.5483870967741936,1.0,6.463414634146343,0.5483870967741936,1.0,41.7757287328971
0.5483870967741936,1.0,1.0,0.5483870967741936,1.0,1.0,0.5483870967741936,1.0,1.0,0.5483870967741936,1.0,1.0,0.5483870967741936,1.0,1.0769230769230769,0.5483870967741936,1.0,2.6666666666666665,0.5483870967741936,1.0,2.6666666666666665,0.5483870967741936,1.0,41.7757287328971,0.5483870967741936,1.0,41.7757287328971
0.5548387096774193,1.0,1.0,0.5548387096774193,1.0,1.0,0.5548387096774193,1.0,1.0,0.5548387096774193,1.0,1.0,0.5548387096774193,1.0,1.0769230769230769,0.5548387096774193,1.0,2.6666666666666665,0.5548387096774193,1.0,2.6666666666666665,0.5548387096774193,1.0,41.7757287328971,0.5548387096774193,1.0,41.7757287328971
0.5548387096774193,1.0,1.0,0.5548387096774193,1.0,1.0,0.5548387096774193,1.0,1.0,0.5548387096774193,1.0,1.0,0.5548387096774193,1.0,1.1666666666666667,0.5548387096774193,1.0,3.8823529411764706,0.5548387096774193,1.0,3.8823529411764706,0.5548387096774193,1.0,41.7757287328971,0.5548387096774193,1.0,41.7757287328971
0.5612903225806452,1.0,1.0,0.5612903225806452,1.0,1.0,0.5612903225806452,1.0,1.0,0.5612903225806452,1.0,1.0,0.5612903225806452,1.0,1.1666666666666667,0.5612903225806452,1.0,3.8823529411764706,0.5612903225806452,1.0,3.8823529411764706,0.5612903225806452,1.0,41.7757287328971,0.5612903225806452,1.0,41.7757287328971
0.5612903225806452,1.0,1.0,0.5612903225806452,1.0,1.0,0.5612903225806452,1.0,1.0,0.5612903225806452,1.0,1.0,0.5612903225806452,1.0,1.1818181818181819,0.5612903225806452,1.0,6.414634146341464,0.5612903225806452,1.0,6.463414634146343,0.5612903225806452,1.0,41.7757287328971,0.5612903225806452,1.0,41.7757287328971
0.567741935483871,1.0,1.0,0.567741935483871,1.0,1.0,0.567741935483871,1.0,1.0,0.567741935483871,1.0,1.0,0.567741935483871,1.0,1.1818181818181819,0.567741935483871,1.0,6.414634146341464,0.567741935483871,1.0,6.463414634146343,0.567741935483871,1.0,41.7757287328971,0.567741935483871,1.0,41.7757287328971
0.567741935483871,1.0,1.0,0.567741935483871,1.0,1.0,0.567741935483871,1.0,1.0,0.567741935483871,1.0,1.0,0.567741935483871,1.0,1.2,0.567741935483871,1.0,41.14753123140988,0.567741935483871,1.0,41.7757287328971,0.567741935483871,1.0,41.7757287328971,0.567741935483871,1.0,41.7757287328971
0.5741935483870968,1.0,1.0,0.5741935483870968,1.0,1.0,0.5741935483870968,1.0,1.0,0.5741935483870968,1.0,1.0,0.5741935483870968,1.0,1.2,0.5741935483870968,1.0,41.14753123140988,0.5741935483870968,1.0,41.7757287328971,0.5741935483870968,1.0,41.7757287328971,0.5741935483870968,1.0,41.7757287328971
0.5741935483870968,1.0,1.0,0.5741935483870968,1.0,1.0,0.5741935483870968,1.0,1.0,0.5741935483870968,1.0,1.1666666666666667,0.5741935483870968,1.0,1.25,0.5741935483870968,1.0,41.14753123140988,0.5741935483870968,1.0,41.7757287328971,0.5741935483870968,1.0,41.7757287328971,0.5741935483870968,1.0,41.7757287328971
0.5806451612903226,1.0,1.0,0.5806451612903226,1.0,1.0,0.5806451612903226,1.0,1.0,0.5806451612903226,1.0,1.1666666666666667,0.5806451612903226,1.0,1.25,0.5806451612903226,1.0,41.14753123140988,0.5806451612903226,1.0,41.7757287328971,0.5806451612903226,1.0,41.7757287328971,0.5806451612903226,1.0,41.7757287328971
0.5806451612903226,1.0,1.0,0.5806451612903226,1.0,1.0,0.5806451612903226,1.0,1.0,0.5806451612903226,1.0,1.1818181818181819,0.5806451612903226,1.0,2.604651162790698,0.5806451612903226,1.0,41.14753123140988,0.5806451612903226,1.0,41.7757287328971,0.5806451612903226,1.0,41.7757287328971,0.5806451612903226,1.0,41.7757287328971
0.5870967741935484,1.0,1.0,0.5870967741935484,1.0,1.0,0.5870967741935484,1.0,1.0,0.5870967741935484,1.0,1.1818181818181819,0.5870967741935484,1.0,2.604651162790698,0.5870967741935484,1.0,41.14753123140988,0.5870967741935484,1.0,41.7757287328971,0.5870967741935484,1.0,41.7757287328971,0.5870967741935484,1.0,41.7757287328971
0.5870967741935484,1.0,1.0,0.5870967741935484,1.0,1.0,0.5870967741935484,1.0,1.1666666666666667,0.5870967741935484,1.0,1.75,0.5870967741935484,1.0,2.6666666666666665,0.5870967741935484,1.0,41.14753123140988,0.5870967741935484,1.0,41.7757287328971,0.5870967741935484,1.0,41.7757287328971,0.5870967741935484,1.0,41.7757287328971
0.5935483870967742,1.0,1.0,0.5935483870967742,1.0,1.0,0.5935483870967742,1.0,1.1666666666666667,0.5935483870967742,1.0,1.75,0.5935483870967742,1.0,2.6666666666666665,0.5935483870967742,1.0,41.14753123140988,0.5935483870967742,1.0,41.7757287328971,0.5935483870967742,1.0,41.7757287328971,0.5935483870967742,1.0,41.7757287328971
0.5935483870967742,1.0,1.0,0.5935483870967742,1.0,1.0379746835443038,0.5935483870967742,1.0,1.1818181818181819,0.5935483870967742,1.0,1.75,0.5935483870967742,1.0,3.8461538461538463,0.5935483870967742,1.0,41.14753123140988,0.5935483870967742,1.0,41.7757287328971,0.5935483870967742,1.0,41.7757287328971,0.5935483870967742,1.0,41.7757287328971
0.6,1.0,1.0,0.6,1.0,1.0379746835443038,0.6,1.0,1.1818181818181819,0.6,1.0,1.75,0.6,1.0,3.8461538461538463,0.6,1.0,41.14753123140988,0.6,1.0,41.7757287328971,0.6,1.0,41.7757287328971,0.6,1.0,41.7757287328971
0.6,1.0,1.0,0.6,1.0,1.1666666666666667,0.6,1.0,1.3831168831168832,0.6,1.0,2.604651162790698,0.6,1.0,3.8823529411764706,0.6,1.0,41.14753123140988,0.6,1.0,41.7757287328971,0.6,1.0,41.7757287328971,0.6,1.0,41.7757287328971
0.6064516129032258,1.0,1.0,0.6064516129032258,1.0,1.1666666666666667,0.6064516129032258,1.0,1.3831168831168832,0.6064516129032258,1.0,2.604651162790698,0.6064516129032258,1.0,3.8823529411764706,0.6064516129032258,1.0,41.14753123140988,0.6064516129032258,1.0,41.7757287328971,0.6064516129032258,1.0,41.7757287328971,0.6064516129032258,1.0,41.7757287328971
0.6064516129032258,1.0,1.0,0.6064516129032258,1.0,1.2608695652173914,0.6064516129032258,1.0,1.75,0.6064516129032258,1.0,2.6666666666666665,0.6064516129032258,1.0,6.024390243902439,0.6064516129032258,1.0,41.14753123140988,0.6064516129032258,1.0,41.7757287328971,0.6064516129032258,1.0,41.7757287328971,0.6064516129032258,1.0,41.7757287328971
0.6129032258064516,1.0,1.0,0.6129032258064516,1.0,1.2608695652173914,0.6129032258064516,1.0,1.75,0.6129032258064516,1.0,2.6666666666666665,0.6129032258064516,1.0,6.024390243902439,0.6129032258064516,1.0,41.14753123140988,0.6129032258064516,1.0,41.7757287328971,0.6129032258064516,1.0,41.7757287328971,0.6129032258064516,1.0,41.7757287328971
0.6129032258064516,1.0,1.0,0.6129032258064516,1.0,1.4,0.6129032258064516,1.0,1.75,0.6129032258064516,1.0,3.8823529411764706,0.6129032258064516,1.0,36.29327781082689,0.6129032258064516,1.0,41.14753123140988,0.6129032258064516,1.0,41.7757287328971,0.6129032258064516,1.0,41.7757287328971,0.6129032258064516,1.0,41.7757287328971
0.6193548387096774,1.0,1.0,0.6193548387096774,1.0,1.4,0.6193548387096774,1.0,1.75,0.6193548387096774,1.0,3.8823529411764706,0.6193548387096774,1.0,36.29327781082689,0.6193548387096774,1.0,41.14753123140988,0.6193548387096774,1.0,41.7757287328971,0.6193548387096774,1.0,41.7757287328971,0.6193548387096774,1.0,41.7757287328971
0.6193548387096774,1.0,1.0,0.6193548387096774,1.0,1.434782608695652,0.6193548387096774,1.0,2.4761904761904763,0.6193548387096774,1.0,4.166666666666667,0.6193548387096774,1.0,36.29327781082689,0.6193548387096774,1.0,41.14753123140988,0.6193548387096774,1.0,41.7757287328971,0.6193548387096774,1.0,41.7757287328971,0.6193548387096774,1.0,41.7757287328971
0.6258064516129033,1.0,1.0,0.6258064516129033,1.0,1.434782608695652,0.6258064516129033,1.0,2.4761904761904763,0.6258064516129033,1.0,4.166666666666667,0.6258064516129033,1.0,36.29327781082689,0.6258064516129033,1.0,41.14753123140988,0.6258064516129033,1.0,41.7757287328971,0.6258064516129033,1.0,41.7757287328971,0.6258064516129033,1.0,41.7757287328971
0.6258064516129033,1.0,1.0,0.6258064516129033,1.0,1.4444444444444444,0.6258064516129033,1.0,2.604651162790698,0.6258064516129033,1.0,6.378378378378378,0.6258064516129033,1.0,36.29327781082689,0.6258064516129033,1.0,41.14753123140988,0.6258064516129033,1.0,41.7757287328971,0.6258064516129033,1.0,41.7757287328971,0.6258064516129033,1.0,41.7757287328971
0.6322580645161291,1.0,1.0,0.6322580645161291,1.0,1.4444444444444444,0.6322580645161291,1.0,2.604651162790698,0.6322580645161291,1.0,6.378378378378378,0.6322580645161291,1.0,36.29327781082689,0.6322580645161291,1.0,41.14753123140988,0.6322580645161291,1.0,41.7757287328971,0.6322580645161291,1.0,41.7757287328971,0.6322580645161291,1.0,41.7757287328971
0.6322580645161291,1.0,1.0,0.6322580645161291,1.0,1.75,0.6322580645161291,1.0,3.588235294117647,0.6322580645161291,1.0,16.63636363636364,0.6322580645161291,1.0,36.29327781082689,0.6322580645161291,1.0,41.14753123140988,0.6322580645161291,1.0,41.7757287328971,0.6322580645161291,1.0,41.7757287328971,0.6322580645161291,1.0,41.7757287328971
0.6387096774193548,1.0,1.0,0.6387096774193548,1.0,1.75,0.6387096774193548,1.0,3.588235294117647,0.6387096774193548,1.0,16.63636363636364,0.6387096774193548,1.0,36.29327781082689,0.6387096774193548,1.0,41.14753123140988,0.6387096774193548,1.0,41.7757287328971,0.6387096774193548,1.0,41.7757287328971,0.6387096774193548,1.0,41.7757287328971
0.6387096774193548,1.0,1.0588235294117647,0.6387096774193548,1.0,1.75,0.6387096774193548,1.0,4.166666666666667,0.6387096774193548,1.0,276.7685950413224,0.6387096774193548,1.0,36.29327781082689,0.6387096774193548,1.0,41.14753123140988,0.6387096774193548,1.0,41.7757287328971,0.6387096774193548,1.0,41.7757287328971,0.6387096774193548,1.0,41.7757287328971
0.6451612903225806,1.0,1.0588235294117647,0.6451612903225806,1.0,1.75,0.6451612903225806,1.0,4.166666666666667,0.6451612903225806,1.0,276.7685950413224,0.6451612903225806,1.0,36.29327781082689,0.6451612903225806,1.0,41.14753123140988,0.6451612903225806,1.0,41.7757287328971,0.6451612903225806,1.0,41.7757287328971,0.6451612903225806,1.0,41.7757287328971
0.6451612903225806,1.0,1.0925925925925926,0.6451612903225806,1.0,2.5294117647058822,0.6451612903225806,1.0,6.162162162162163,0.6451612903225806,1.0,276.7685950413224,0.6451612903225806,1.0,36.29327781082689,0.6451612903225806,1.0,41.14753123140988,0.6451612903225806,1.0,41.7757287328971,0.6451612903225806,1.0,41.7757287328971,0.6451612903225806,1.0,41.7757287328971
0.6516129032258065,1.0,1.0925925925925926,0.6516129032258065,1.0,2.5294117647058822,0.6516129032258065,1.0,6.162162162162163,0.6516129032258065,1.0,276.7685950413224,0.6516129032258065,1.0,36.29327781082689,0.6516129032258065,1.0,41.14753123140988,0.6516129032258065,1.0,41.7757287328971,0.6516129032258065,1.0,41.7757287328971,0.6516129032258065,1.0,41.7757287328971
0.6516129032258065,1.0,1.2,0.6516129032258065,1.0,2.604651162790698,0.6516129032258065,1.0,12.653846153846152,0.6516129032258065,1.0,276.7685950413224,0.6516129032258065,1.0,36.29327781082689,0.6516129032258065,1.0,41.14753123140988,0.6516129032258065,1.0,41.7757287328971,0.6516129032258065,1.0,41.7757287328971,0.6516129032258065,1.0,41.7757287328971
0.6580645161290323,1.0,1.2,0.6580645161290323,1.0,2.604651162790698,0.6580645161290323,1.0,12.653846153846152,0.6580645161290323,1.0,276.7685950413224,0.6580645161290323,1.0,36.29327781082689,0.6580645161290323,1.0,41.14753123140988,0.6580645161290323,1.0,41.7757287328971,0.6580645161290323,1.0,41.7757287328971,0.6580645161290323,1.0,41.7757287328971
0.6580645161290323,1.0,1.3035714285714286,0.6580645161290323,1.0,2.6842105263157894,0.6580645161290323,1.0,160.11982248520707,0.6580645161290323,1.0,276.7685950413224,0.6580645161290323,1.0,36.29327781082689,0.6580645161290323,1.0,41.14753123140988,0.6580645161290323,1.0,41.7757287328971,0.6580645161290323,1.0,41.7757287328971,0.6580645161290323,1.0,41.7757287328971
0.6645161290322581,1.0,1.3035714285714286,0.6645161290322581,1.0,2.6842105263157894,0.6645161290322581,1.0,160.11982248520707,0.6645161290322581,1.0,276.7685950413224,0.6645161290322581,1.0,36.29327781082689,0.6645161290322581,1.0,41.14753123140988,0.6645161290322581,1.0,41.7757287328971,0.6645161290322581,1.0,41.7757287328971,0.6645161290322581,1.0,41.7757287328971
0.6645161290322581,1.0,1.4,0.6645161290322581,1.0,3.5294117647058822,0.6645161290322581,1.0,160.11982248520707,0.6645161290322581,1.0,276.7685950413224,0.6645161290322581,1.0,36.29327781082689,0.6645161290322581,1.0,41.14753123140988,0.6645161290322581,1.0,41.7757287328971,0.6645161290322581,1.0,41.7757287328971,0.6645161290322581,1.0,41.7757287328971
0.6709677419354839,1.0,1.4,0.6709677419354839,1.0,3.5294117647058822,0.6709677419354839,1.0,160.11982248520707,0.6709677419354839,1.0,276.7685950413224,0.6709677419354839,1.0,36.29327781082689,0.6709677419354839,1.0,41.14753123140988,0.6709677419354839,1.0,41.7757287328971,0.6709677419354839,1.0,41.7757287328971,0.6709677419354839,1.0,41.7757287328971
0.6709677419354839,1.0,1.4444444444444444,0.6709677419354839,1.0,4.166666666666667,0.6709677419354839,1.0,160.11982248520707,0.6709677419354839,1.0,276.7685950413224,0.6709677419354839,1.0,36.29327781082689,0.6709677419354839,1.0,41.14753123140988,0.6709677419354839,1.0,41.7757287328971,0.6709677419354839,1.0,41.7757287328971,0.6709677419354839,1.0,41.7757287328971
0.6774193548387097,1.0,1.4444444444444444,0.6774193548387097,1.0,4.166666666666667,0.6774193548387097,1.0,160.11982248520707,0.6774193548387097,1.0,276.7685950413224,0.6774193548387097,1.0,36.29327781082689,0.6774193548387097,1.0,41.14753123140988,0.6774193548387097,1.0,41.7757287328971,0.6774193548387097,1.0,41.7757287328971,0.6774193548387097,1.0,41.7757287328971
0.6774193548387097,1.0,1.75,0.6774193548387097,1.0,10.227272727272727,0.6774193548387097,1.0,160.11982248520707,0.6774193548387097,1.0,276.7685950413224,0.6774193548387097,1.0,36.29327781082689,0.6774193548387097,1.0,41.14753123140988,0.6774193548387097,1.0,41.7757287328971,0.6774193548387097,1.0,41.7757287328971,0.6774193548387097,1.0,41.7757287328971
0.6838709677419355,1.0,1.75,0.6838709677419355,1.0,10.227272727272727,0.6838709677419355,1.0,160.11982248520707,0.6838709677419355,1.0,276.7685950413224,0.6838709677419355,1.0,36.29327781082689,0.6838709677419355,1.0,41.14753123140988,0.6838709677419355,1.0,41.7757287328971,0.6838709677419355,1.0,41.7757287328971,0.6838709677419355,1.0,41.7757287328971
0.6838709677419355,1.0,1.75,0.6838709677419355,1.0,104.59710743801651,0.6838709677419355,1.0,160.11982248520707,0.6838709677419355,1.0,276.7685950413224,0.6838709677419355,1.0,36.29327781082689,0.6838709677419355,1.0,41.14753123140988,0.6838709677419355,1.0,41.7757287328971,0.6838709677419355,1.0,41.7757287328971,0.6838709677419355,1.0,41.7757287328971
0.6903225806451613,1.0,1.75,0.6903225806451613,1.0,104.59710743801651,0.6903225806451613,1.0,160.11982248520707,0.6903225806451613,1.0,276.7685950413224,0.6903225806451613,1.0,36.29327781082689,0.6903225806451613,1.0,41.14753123140988,0.6903225806451613,1.0,41.7757287328971,0.6903225806451613,1.0,41.7757287328971,0.6903225806451613,1.0,41.7757287328971
0.6903225806451613,1.0,1.8,0.6903225806451613,1.0,104.59710743801651,0.6903225806451613,1.0,160.11982248520707,0.6903225806451613,1.0,276.7685950413224,0.6903225806451613,1.0,36.29327781082689,0.6903225806451613,1.0,41.14753123140988,0.6903225806451613,1.0,41.7757287328971,0.6903225806451613,1.0,41.7757287328971,0.6903225806451613,1.0,41.7757287328971
0.6967741935483871,1.0,1.8,0.6967741935483871,1.0,104.59710743801651,0.6967741935483871,1.0,160.11982248520707,0.6967741935483871,1.0,276.7685950413224,0.6967741935483871,1.0,36.29327781082689,0.6967741935483871,1.0,41.14753123140988,0.6967741935483871,1.0,41.7757287328971,0.6967741935483871,1.0,41.7757287328971,0.6967741935483871,1.0,41.7757287328971
0.6967741935483871,1.0,1.96875,0.6967741935483871,1.0,104.59710743801651,0.6967741935483871,1.0,160.11982248520707,0.6967741935483871,1.0,276.7685950413224,0.6967741935483871,1.0,36.29327781082689,0.6967741935483871,1.0,41.14753123140988,0.6967741935483871,1.0,41.7757287328971,0.6967741935483871,1.0,41.7757287328971,0.6967741935483871,1.0,41.7757287328971
0.7032258064516129,1.0,1.96875,0.7032258064516129,1.0,104.59710743801651,0.7032258064516129,1.0,160.11982248520707,0.7032258064516129,1.0,276.7685950413224,0.7032258064516129,1.0,36.29327781082689,0.7032258064516129,1.0,41.14753123140988,0.7032258064516129,1.0,41.7757287328971,0.7032258064516129,1.0,41.7757287328971,0.7032258064516129,1.0,41.7757287328971
0.7032258064516129,1.0,2.3333333333333335,0.7032258064516129,1.0,104.59710743801651,0.7032258064516129,1.0,160.11982248520707,0.7032258064516129,1.0,276.7685950413224,0.7032258064516129,1.0,36.29327781082689,0.7032258064516129,1.0,41.14753123140988,0.7032258064516129,1.0,41.7757287328971,0.7032258064516129,1.0,41.7757287328971,0.7032258064516129,1.0,41.7757287328971
0.7096774193548387,1.0,2.3333333333333335,0.7096774193548387,1.0,104.59710743801651,0.7096774193548387,1.0,160.11982248520707,0.7096774193548387,1.0,276.7685950413224,0.7096774193548387,1.0,36.29327781082689,0.7096774193548387,1.0,41.14753123140988,0.7096774193548387,1.0,41.7757287328971,0.7096774193548387,1.0,41.7757287328971,0.7096774193548387,1.0,41.7757287328971
0.7096774193548387,1.0,2.5454545454545454,0.7096774193548387,1.0,104.59710743801651,0.7096774193548387,1.0,160.11982248520707,0.7096774193548387,1.0,276.7685950413224,0.7096774193548387,1.0,36.29327781082689,0.7096774193548387,1.0,41.14753123140988,0.7096774193548387,1.0,41.7757287328971,0.7096774193548387,1.0,41.7757287328971,0.7096774193548387,1.0,41.7757287328971
0.7161290322580646,1.0,2.5454545454545454,0.7161290322580646,1.0,104.59710743801651,0.7161290322580646,1.0,160.11982248520707,0.7161290322580646,1.0,276.7685950413224,0.7161290322580646,1.0,36.29327781082689,0.7161290322580646,1.0,41.14753123140988,0.7161290322580646,1.0,41.7757287328971,0.7161290322580646,1.0,41.7757287328971,0.7161290322580646,1.0,41.7757287328971
0.7161290322580646,1.0,2.5454545454545454,0.7161290322580646,1.0,104.59710743801651,0.7161290322580646,1.0,160.11982248520707,0.7161290322580646,1.0,276.7685950413224,0.7161290322580646,1.0,36.29327781082689,0.7161290322580646,1.0,41.14753123140988,0.7161290322580646,1.0,41.7757287328971,0.7161290322580646,1.0,41.7757287328971,0.7161290322580646,1.0,41.7757287328971
0.7225806451612904,1.0,2.5454545454545454,0.7225806451612904,1.0,104.59710743801651,0.7225806451612904,1.0,160.11982248520707,0.7225806451612904,1.0,276.7685950413224,0.7225806451612904,1.0,36.29327781082689,0.7225806451612904,1.0,41.14753123140988,0.7225806451612904,1.0,41.7757287328971,0.7225806451612904,1.0,41.7757287328971,0.7225806451612904,1.0,41.7757287328971
0.7225806451612904,1.0,2.604651162790698,0.7225806451612904,1.0,104.59710743801651,0.7225806451612904,1.0,160.11982248520707,0.7225806451612904,1.0,276.7685950413224,0.7225806451612904,1.0,36.29327781082689,0.7225806451612904,1.0,41.14753123140988,0.7225806451612904,1.0,41.7757287328971,0.7225806451612904,1.0,41.7757287328971,0.7225806451612904,1.0,41.7757287328971
0.7290322580645161,1.0,2.604651162790698,0.7290322580645161,1.0,104.59710743801651,0.7290322580645161,1.0,160.11982248520707,0.7290322580645161,1.0,276.7685950413224,0.7290322580645161,1.0,36.29327781082689,0.7290322580645161,1.0,41.14753123140988,0.7290322580645161,1.0,41.7757287328971,0.7290322580645161,1.0,41.7757287328971,0.7290322580645161,1.0,41.7757287328971
0.7290322580645161,1.0,2.6285714285714286,0.7290322580645161,1.0,104.59710743801651,0.7290322580645161,1.0,160.11982248520707,0.7290322580645161,1.0,276.7685950413224,0.7290322580645161,1.0,36.29327781082689,0.7290322580645161,1.0,41.14753123140988,0.7290322580645161,1.0,41.7757287328971,0.7290322580645161,1.0,41.7757287328971,0.7290322580645161,1.0,41.7757287328971
0.7354838709677419,1.0,2.6285714285714286,0.7354838709677419,1.0,104.59710743801651,0.7354838709677419,1.0,160.11982248520707,0.7354838709677419,1.0,276.7685950413224,0.7354838709677419,1.0,36.29327781082689,0.7354838709677419,1.0,41.14753123140988,0.7354838709677419,1.0,41.7757287328971,0.7354838709677419,1.0,41.7757287328971,0.7354838709677419,1.0,41.7757287328971
0.7354838709677419,1.0,3.1875,0.7354838709677419,1.0,104.59710743801651,0.7354838709677419,1.0,160.11982248520707,0.7354838709677419,1.0,276.7685950413224,0.7354838709677419,1.0,36.29327781082689,0.7354838709677419,1.0,41.14753123140988,0.7354838709677419,1.0,41.7757287328971,0.7354838709677419,1.0,41.7757287328971,0.7354838709677419,1.0,41.7757287328971
0.7419354838709677,1.0,3.1875,0.7419354838709677,1.0,104.59710743801651,0.7419354838709677,1.0,160.11982248520707,0.7419354838709677,1.0,276.7685950413224,0.7419354838709677,1.0,36.29327781082689,0.7419354838709677,1.0,41.14753123140988,0.7419354838709677,1.0,41.7757287328971,0.7419354838709677,1.0,41.7757287328971,0.7419354838709677,1.0,41.7757287328971
0.7419354838709677,1.0,4.166666666666667,0.7419354838709677,1.0,104.59710743801651,0.7419354838709677,1.0,160.11982248520707,0.7419354838709677,1.0,276.7685950413224,0.7419354838709677,1.0,36.29327781082689,0.7419354838709677,1.0,41.14753123140988,0.7419354838709677,1.0,41.7757287328971,0.7419354838709677,1.0,41.7757287328971,0.7419354838709677,1.0,41.7757287328971
0.7483870967741936,1.0,4.166666666666667,0.7483870967741936,1.0,104.59710743801651,0.7483870967741936,1.0,160.11982248520707,0.7483870967741936,1.0,276.7685950413224,0.7483870967741936,1.0,36.29327781082689,0.7483870967741936,1.0,41.14753123140988,0.7483870967741936,1.0,41.7757287328971,0.7483870967741936,1.0,41.7757287328971,0.7483870967741936,1.0,41.7757287328971
0.7483870967741936,1.0,5.571428571428571,0.7483870967741936,1.0,104.59710743801651,0.7483870967741936,1.0,160.11982248520707,0.7483870967741936,1.0,276.7685950413224,0.7483870967741936,1.0,36.29327781082689,0.7483870967741936,1.0,41.14753123140988,0.7483870967741936,1.0,41.7757287328971,0.7483870967741936,1.0,41.7757287328971,0.7483870967741936,1.0,41.7757287328971
0.7548387096774194,1.0,5.571428571428571,0.7548387096774194,1.0,104.59710743801651,0.7548387096774194,1.0,160.11982248520707,0.7548387096774194,1.0,276.7685950413224,0.7548387096774194,1.0,36.29327781082689,0.7548387096774194,1.0,41.14753123140988,0.7548387096774194,1.0,41.7757287328971,0.7548387096774194,1.0,41.7757287328971,0.7548387096774194,1.0,41.7757287328971
0.7548387096774194,1.0,11.25,0.7548387096774194,1.0,104.59710743801651,0.7548387096774194,1.0,160.11982248520707,0.7548387096774194,1.0,276.7685950413224,0.7548387096774194,1.0,36.29327781082689,0.7548387096774194,1.0,41.14753123140988,0.7548387096774194,1.0,41.7757287328971,0.7548387096774194,1.0,41.7757287328971,0.7548387096774194,1.0,41.7757287328971
0.7612903225806452,1.0,11.25,0.7612903225806452,1.0,104.59710743801651,0.7612903225806452,1.0,160.11982248520707,0.7612903225806452,1.0,276.7685950413224,0.7612903225806452,1.0,36.29327781082689,0.7612903225806452,1.0,41.14753123140988,0.7612903225806452,1.0,41.7757287328971,0.7612903225806452,1.0,41.7757287328971,0.7612903225806452,1.0,41.7757287328971
0.7612903225806452,1.0,132.25000000000003,0.7612903225806452,1.0,104.59710743801651,0.7612903225806452,1.0,160.11982248520707,0.7612903225806452,1.0,276.7685950413224,0.7612903225806452,1.0,36.29327781082689,0.7612903225806452,1.0,41.14753123140988,0.7612903225806452,1.0,41.7757287328971,0.7612903225806452,1.0,41.7757287328971,0.7612903225806452,1.0,41.7757287328971
0.7677419354838709,1.0,132.25000000000003,0.7677419354838709,1.0,104.59710743801651,0.7677419354838709,1.0,160.11982248520707,0.7677419354838709,1.0,276.7685950413224,0.7677419354838709,1.0,36.29327781082689,0.7677419354838709,1.0,41.14753123140988,0.7677419354838709,1.0,41.7757287328971,0.7677419354838709,1.0,41.7757287328971,0.7677419354838709,1.0,41.7757287328971
0.7677419354838709,1.0,132.25000000000003,0.7677419354838709,1.0,104.59710743801651,0.7677419354838709,1.0,160.11982248520707,0.7677419354838709,1.0,276.7685950413224,0.7677419354838709,1.0,36.29327781082689,0.7677419354838709,1.0,41.14753123140988,0.7677419354838709,1.0,41.7757287328971,0.7677419354838709,1.0,41.7757287328971,0.7677419354838709,1.0,41.7757287328971
0.7741935483870968,1.0,132.25000000000003,0.7741935483870968,1.0,104.59710743801651,0.7741935483870968,1.0,160.11982248520707,0.7741935483870968,1.0,276.7685950413224,0.7741935483870968,1.0,36.29327781082689,0.7741935483870968,1.0,41.14753123140988,0.7741935483870968,1.0,41.7757287328971,0.7741935483870968,1.0,41.7757287328971,0.7741935483870968,1.0,41.7757287328971
0.7741935483870968,1.0,132.25000000000003,0.7741935483870968,1.0,104.59710743801651,0.7741935483870968,1.0,160.11982248520707,0.7741935483870968,1.0,276.7685950413224,0.7741935483870968,1.0,36.29327781082689,0.7741935483870968,1.0,41.14753123140988,0.7741935483870968,1.0,41.7757287328971,0.7741935483870968,1.0,41.7757287328971,0.7741935483870968,1.0,41.7757287328971
0.7806451612903226,1.0,132.25000000000003,0.7806451612903226,1.0,104.59710743801651,0.7806451612903226,1.0,160.11982248520707,0.7806451612903226,1.0,276.7685950413224,0.7806451612903226,1.0,36.29327781082689,0.7806451612903226,1.0,41.14753123140988,0.7806451612903226,1.0,41.7757287328971,0.7806451612903226,1.0,41.7757287328971,0.7806451612903226,1.0,41.7757287328971
0.7806451612903226,1.0,132.25000000000003,0.7806451612903226,1.0,104.59710743801651,0.7806451612903226,1.0,160.11982248520707,0.7806451612903226,1.0,276.7685950413224,0.7806451612903226,1.0,36.29327781082689,0.7806451612903226,1.0,41.14753123140988,0.7806451612903226,1.0,41.7757287328971,0.7806451612903226,1.0,41.7757287328971,0.7806451612903226,1.0,41.7757287328971
0.7870967741935484,1.0,132.25000000000003,0.7870967741935484,1.0,104.59710743801651,0.7870967741935484,1.0,160.11982248520707,0.7870967741935484,1.0,276.7685950413224,0.7870967741935484,1.0,36.29327781082689,0.7870967741935484,1.0,41.14753123140988,0.7870967741935484,1.0,41.7757287328971,0.7870967741935484,1.0,41.7757287328971,0.7870967741935484,1.0,41.7757287328971
0.7870967741935484,1.0,132.25000000000003,0.7870967741935484,1.0,104.59710743801651,0.7870967741935484,1.0,160.11982248520707,0.7870967741935484,1.0,276.7685950413224,0.7870967741935484,1.0,36.29327781082689,0.7870967741935484,1.0,41.14753123140988,0.7870967741935484,1.0,41.7757287328971,0.7870967741935484,1.0,41.7757287328971,0.7870967741935484,1.0,41.7757287328971
0.7935483870967742,1.0,132.25000000000003,0.7935483870967742,1.0,104.59710743801651,0.7935483870967742,1.0,160.11982248520707,0.7935483870967742,1.0,276.7685950413224,0.7935483870967742,1.0,36.29327781082689,0.7935483870967742,1.0,41.14753123140988,0.7935483870967742,1.0,41.7757287328971,0.7935483870967742,1.0,41.7757287328971,0.7935483870967742,1.0,41.7757287328971
0.7935483870967742,1.0,132.25000000000003,0.7935483870967742,1.0,104.59710743801651,0.7935483870967742,1.0,160.11982248520707,0.7935483870967742,1.0,276.7685950413224,0.7935483870967742,1.0,36.29327781082689,0.7935483870967742,1.0,41.14753123140988,0.7935483870967742,1.0,41.7757287328971,0.7935483870967742,1.0,41.7757287328971,0.7935483870967742,1.0,41.7757287328971
0.8,1.0,132.25000000000003,0.8,1.0,104.59710743801651,0.8,1.0,160.11982248520707,0.8,1.0,276.7685950413224,0.8,1.0,36.29327781082689,0.8,1.0,41.14753123140988,0.8,1.0,41.7757287328971,0.8,1.0,41.7757287328971,0.8,1.0,41.7757287328971
0.8,1.0,132.25000000000003,0.8,1.0,104.59710743801651,0.8,1.0,160.11982248520707,0.8,1.0,276.7685950413224,0.8,1.0,36.29327781082689,0.8,1.0,41.14753123140988,0.8,1.0,41.7757287328971,0.8,1.0,41.7757287328971,0.8,1.0,41.7757287328971
0.8064516129032259,1.0,132.25000000000003,0.8064516129032259,1.0,104.59710743801651,0.8064516129032259,1.0,160.11982248520707,0.8064516129032259,1.0,276.7685950413224,0.8064516129032259,1.0,36.29327781082689,0.8064516129032259,1.0,41.14753123140988,0.8064516129032259,1.0,41.7757287328971,0.8064516129032259,1.0,41.7757287328971,0.8064516129032259,1.0,41.7757287328971
0.8064516129032259,1.0,132.25000000000003,0.8064516129032259,1.0,104.59710743801651,0.8064516129032259,1.0,160.11982248520707,0.8064516129032259,1.0,276.7685950413224,0.8064516129032259,1.0,36.29327781082689,0.8064516129032259,1.0,41.14753123140988,0.8064516129032259,1.0,41.7757287328971,0.8064516129032259,1.0,41.7757287328971,0.8064516129032259,1.0,41.7757287328971
0.8129032258064516,1.0,132.25000000000003,0.8129032258064516,1.0,104.59710743801651,0.8129032258064516,1.0,160.11982248520707,0.8129032258064516,1.0,276.7685950413224,0.8129032258064516,1.0,36.29327781082689,0.8129032258064516,1.0,41.14753123140988,0.8129032258064516,1.0,41.7757287328971,0.8129032258064516,1.0,41.7757287328971,0.8129032258064516,1.0,41.7757287328971
0.8129032258064516,1.0,132.25000000000003,0.8129032258064516,1.0,104.59710743801651,0.8129032258064516,1.0,160.11982248520707,0.8129032258064516,1.0,276.7685950413224,0.8129032258064516,1.0,36.29327781082689,0.8129032258064516,1.0,41.14753123140988,0.8129032258064516,1.0,41.7757287328971,0.8129032258064516,1.0,41.7757287328971,0.8129032258064516,1.0,41.7757287328971
0.8193548387096774,1.0,132.25000000000003,0.8193548387096774,1.0,104.59710743801651,0.8193548387096774,1.0,160.11982248520707,0.8193548387096774,1.0,276.7685950413224,0.8193548387096774,1.0,36.29327781082689,0.8193548387096774,1.0,41.14753123140988,0.8193548387096774,1.0,41.7757287328971,0.8193548387096774,1.0,41.7757287328971,0.8193548387096774,1.0,41.7757287328971
0.8193548387096774,1.0,132.25000000000003,0.8193548387096774,1.0,104.59710743801651,0.8193548387096774,1.0,160.11982248520707,0.8193548387096774,1.0,276.7685950413224,0.8193548387096774,1.0,36.29327781082689,0.8193548387096774,1.0,41.14753123140988,0.8193548387096774,1.0,41.7757287328971,0.8193548387096774,1.0,41.7757287328971,0.8193548387096774,1.0,41.7757287328971
0.8258064516129032,1.0,132.25000000000003,0.8258064516129032,1.0,104.59710743801651,0.8258064516129032,1.0,160.11982248520707,0.8258064516129032,1.0,276.7685950413224,0.8258064516129032,1.0,36.29327781082689,0.8258064516129032,1.0,41.14753123140988,0.8258064516129032,1.0,41.7757287328971,0.8258064516129032,1.0,41.7757287328971,0.8258064516129032,1.0,41.7757287328971
0.8258064516129032,1.0,132.25000000000003,0.8258064516129032,1.0,104.59710743801651,0.8258064516129032,1.0,160.11982248520707,0.8258064516129032,1.0,276.7685950413224,0.8258064516129032,1.0,36.29327781082689,0.8258064516129032,1.0,41.14753123140988,0.8258064516129032,1.0,41.7757287328971,0.8258064516129032,1.0,41.7757287328971,0.8258064516129032,1.0,41.7757287328971
0.832258064516129,1.0,132.25000000000003,0.832258064516129,1.0,104.59710743801651,0.832258064516129,1.0,160.11982248520707,0.832258064516129,1.0,276.7685950413224,0.832258064516129,1.0,36.29327781082689,0.832258064516129,1.0,41.14753123140988,0.832258064516129,1.0,41.7757287328971,0.832258064516129,1.0,41.7757287328971,0.832258064516129,1.0,41.7757287328971
0.832258064516129,1.0,132.25000000000003,0.832258064516129,1.0,104.59710743801651,0.832258064516129,1.0,160.11982248520707,0.832258064516129,1.0,276.7685950413224,0.832258064516129,1.0,36.29327781082689,0.832258064516129,1.0,41.14753123140988,0.832258064516129,1.0,41.7757287328971,0.832258064516129,1.0,41.7757287328971,0.832258064516129,1.0,41.7757287328971
0.8387096774193549,1.0,132.25000000000003,0.8387096774193549,1.0,104.59710743801651,0.8387096774193549,1.0,160.11982248520707,0.8387096774193549,1.0,276.7685950413224,0.8387096774193549,1.0,36.29327781082689,0.8387096774193549,1.0,41.14753123140988,0.8387096774193549,1.0,41.7757287328971,0.8387096774193549,1.0,41.7757287328971,0.8387096774193549,1.0,41.7757287328971
0.8387096774193549,1.0,132.25000000000003,0.8387096774193549,1.0,104.59710743801651,0.8387096774193549,1.0,160.11982248520707,0.8387096774193549,1.0,276.7685950413224,0.8387096774193549,1.0,36.29327781082689,0.8387096774193549,1.0,41.14753123140988,0.8387096774193549,1.0,41.7757287328971,0.8387096774193549,1.0,41.7757287328971,0.8387096774193549,1.0,41.7757287328971
0.8451612903225807,1.0,132.25000000000003,0.8451612903225807,1.0,104.59710743801651,0.8451612903225807,1.0,160.11982248520707,0.8451612903225807,1.0,276.7685950413224,0.8451612903225807,1.0,36.29327781082689,0.8451612903225807,1.0,41.14753123140988,0.8451612903225807,1.0,41.7757287328971,0.8451612903225807,1.0,41.7757287328971,0.8451612903225807,1.0,41.7757287328971
0.8451612903225807,1.0,132.25000000000003,0.8451612903225807,1.0,104.59710743801651,0.8451612903225807,1.0,160.11982248520707,0.8451612903225807,1.0,276.7685950413224,0.8451612903225807,1.0,36.29327781082689,0.8451612903225807,1.0,41.14753123140988,0.8451612903225807,1.0,41.7757287328971,0.8451612903225807,1.0,41.7757287328971,0.8451612903225807,1.0,41.7757287328971
0.8516129032258065,1.0,132.25000000000003,0.8516129032258065,1.0,104.59710743801651,0.8516129032258065,1.0,160.11982248520707,0.8516129032258065,1.0,276.7685950413224,0.8516129032258065,1.0,36.29327781082689,0.8516129032258065,1.0,41.14753123140988,0.8516129032258065,1.0,41.7757287328971,0.8516129032258065,1.0,41.7757287328971,0.8516129032258065,1.0,41.7757287328971
0.8516129032258065,1.0,132.25000000000003,0.8516129032258065,1.0,104.59710743801651,0.8516129032258065,1.0,160.11982248520707,0.8516129032258065,1.0,276.7685950413224,0.8516129032258065,1.0,36.29327781082689,0.8516129032258065,1.0,41.14753123140988,0.8516129032258065,1.0,41.7757287328971,0.8516129032258065,1.0,41.7757287328971,0.8516129032258065,1.0,41.7757287328971
0.8580645161290322,1.0,132.25000000000003,0.8580645161290322,1.0,104.59710743801651,0.8580645161290322,1.0,160.11982248520707,0.8580645161290322,1.0,276.7685950413224,0.8580645161290322,1.0,36.29327781082689,0.8580645161290322,1.0,41.14753123140988,0.8580645161290322,1.0,41.7757287328971,0.8580645161290322,1.0,41.7757287328971,0.8580645161290322,1.0,41.7757287328971
0.8580645161290322,1.03768115942029,132.25000000000003,0.8580645161290322,1.03768115942029,104.59710743801651,0.8580645161290322,1.0,160.11982248520707,0.8580645161290322,1.0,276.7685950413224,0.8580645161290322,1.0,36.29327781082689,0.8580645161290322,1.0116279069767442,41.14753123140988,0.8580645161290322,1.0,41.7757287328971,0.8580645161290322,1.0,41.7757287328971,0.8580645161290322,1.0,41.7757287328971
0.864516129032258,1.03768115942029,132.25000000000003,0.864516129032258,1.03768115942029,104.59710743801651,0.864516129032258,1.0,160.11982248520707,0.864516129032258,1.0,276.7685950413224,0.864516129032258,1.0,36.29327781082689,0.864516129032258,1.0116279069767442,41.14753123140988,0.864516129032258,1.0,41.7757287328971,0.864516129032258,1.0,41.7757287328971,0.864516129032258,1.0,41.7757287328971
0.864516129032258,1.0714285714285714,132.25000000000003,0.864516129032258,1.0555555555555556,104.59710743801651,0.864516129032258,1.0116279069767442,160.11982248520707,0.864516129032258,1.0,276.7685950413224,0.864516129032258,1.0116279069767442,36.29327781082689,0.864516129032258,1.1111111111111112,41.14753123140988,0.864516129032258,1.0,41.7757287328971,0.864516129032258,1.0,41.7757287328971,0.864516129032258,1.0,41.7757287328971
0.8709677419354839,1.0714285714285714,132.25000000000003,0.8709677419354839,1.0555555555555556,104.59710743801651,0.8709677419354839,1.0116279069767442,160.11982248520707,0.8709677419354839,1.0,276.7685950413224,0.8709677419354839,1.0116279069767442,36.29327781082689,0.8709677419354839,1.1111111111111112,41.14753123140988,0.8709677419354839,1.0,41.7757287328971,0.8709677419354839,1.0,41.7757287328971,0.8709677419354839,1.0,41.7757287328971
0.8709677419354839,1.5,132.25000000000003,0.8709677419354839,1.3125,104.59710743801651,0.8709677419354839,1.0251396648044693,160.11982248520707,0.8709677419354839,1.0116279069767442,276.7685950413224,0.8709677419354839,1.1428571428571428,36.29327781082689,0.8709677419354839,1.3333333333333333,41.14753123140988,0.8709677419354839,1.0,41.7757287328971,0.8709677419354839,1.0,41.7757287328971,0.8709677419354839,1.0,41.7757287328971
0.8774193548387097,1.5,132.25000000000003,0.8774193548387097,1.3125,104.59710743801651,0.8774193548387097,1.0251396648044693,160.11982248520707,0.8774193548387097,1.0116279069767442,276.7685950413224,0.8774193548387097,1.1428571428571428,36.29327781082689,0.8774193548387097,1.3333333333333333,41.14753123140988,0.8774193548387097,1.0,41.7757287328971,0.8774193548387097,1.0,41.7757287328971,0.8774193548387097,1.0,41.7757287328971
0.8774193548387097,1.5789473684210527,132.25000000000003,0.8774193548387097,1.5,104.59710743801651,0.8774193548387097,1.08,160.11982248520707,0.8774193548387097,1.1428571428571428,276.7685950413224,0.8774193548387097,1.5,36.29327781082689,0.8774193548387097,1.5,41.14753123140988,0.8774193548387097,1.0,41.7757287328971,0.8774193548387097,1.0,41.7757287328971,0.8774193548387097,1.0,41.7757287328971
0.8838709677419355,1.5789473684210527,132.25000000000003,0.8838709677419355,1.5,104.59710743801651,0.8838709677419355,1.08,160.11982248520707,0.8838709677419355,1.1428571428571428,276.7685950413224,0.8838709677419355,1.5,36.29327781082689,0.8838709677419355,1.5,41.14753123140988,0.8838709677419355,1.0,41.7757287328971,0.8838709677419355,1.0,41.7757287328971,0.8838709677419355,1.0,41.7757287328971
0.8838709677419355,1.625,132.25000000000003,0.8838709677419355,1.5789473684210527,104.59710743801651,0.8838709677419355,1.1428571428571428,160.11982248520707,0.8838709677419355,1.5,276.7685950413224,0.8838709677419355,1.5333333333333334,36.29327781082689,0.8838709677419355,1.5,41.14753123140988,0.8838709677419355,1.0116279069767442,41.7757287328971,0.8838709677419355,1.0,41.7757287328971,0.8838709677419355,1.0,41.7757287328971
0.8903225806451613,1.625,132.25000000000003,0.8903225806451613,1.5789473684210527,104.59710743801651,0.8903225806451613,1.1428571428571428,160.11982248520707,0.8903225806451613,1.5,276.7685950413224,0.8903225806451613,1.5333333333333334,36.29327781082689,0.8903225806451613,1.5,41.14753123140988,0.8903225806451613,1.0116279069767442,41.7757287328971,0.8903225806451613,1.0,41.7757287328971,0.8903225806451613,1.0,41.7757287328971
0.8903225806451613,1.8571428571428572,132.25000000000003,0.8903225806451613,1.625,104.59710743801651,0.8903225806451613,1.5,160.11982248520707,0.8903225806451613,1.625,276.7685950413224,0.8903225806451613,1.625,36.29327781082689,0.8903225806451613,1.5,41.14753123140988,0.8903225806451613,1.173913043478261,41.7757287328971,0.8903225806451613,1.0116279069767442,41.7757287328971,0.8903225806451613,1.0,41.7757287328971
0.8967741935483872,1.8571428571428572,132.25000000000003,0.8967741935483872,1.625,104.59710743801651,0.8967741935483872,1.5,160.11982248520707,0.8967741935483872,1.625,276.7685950413224,0.8967741935483872,1.625,36.29327781082689,0.8967741935483872,1.5,41.14753123140988,0.8967741935483872,1.173913043478261,41.7757287328971,0.8967741935483872,1.0116279069767442,41.7757287328971,0.8967741935483872,1.0,41.7757287328971
0.8967741935483872,3.3865546218487395,132.25000000000003,0.8967741935483872,1.625,104.59710743801651,0.8967741935483872,1.509433962264151,160.11982248520707,0.8967741935483872,4.233333333333333,276.7685950413224,0.8967741935483872,4.233333333333333,36.29327781082689,0.8967741935483872,1.625,41.14753123140988,0.8967741935483872,1.4444444444444444,41.7757287328971,0.8967741935483872,1.0833333333333333,41.7757287328971,0.8967741935483872,1.0116279069767442,41.7757287328971
0.9032258064516129,3.3865546218487395,132.25000000000003,0.9032258064516129,1.625,104.59710743801651,0.9032258064516129,1.509433962264151,160.11982248520707,0.9032258064516129,4.233333333333333,276.7685950413224,0.9032258064516129,4.233333333333333,36.29327781082689,0.9032258064516129,1.625,41.14753123140988,0.9032258064516129,1.4444444444444444,41.7757287328971,0.9032258064516129,1.0833333333333333,41.7757287328971,0.9032258064516129,1.0116279069767442,41.7757287328971
0.9032258064516129,4.233333333333333,132.25000000000003,0.9032258064516129,3.3865546218487395,104.59710743801651,0.9032258064516129,1.625,160.11982248520707,0.9032258064516129,276.7685950413224,276.7685950413224,0.9032258064516129,36.29327781082689,36.29327781082689,0.9032258064516129,41.14753123140988,41.14753123140988,0.9032258064516129,41.7757287328971,41.7757287328971,0.9032258064516129,41.7757287328971,41.7757287328971,0.9032258064516129,41.7757287328971,41.7757287328971
0.9096774193548387,4.233333333333333,132.25000000000003,0.9096774193548387,3.3865546218487395,104.59710743801651,0.9096774193548387,1.625,160.11982248520707,0.9096774193548387,276.7685950413224,276.7685950413224,0.9096774193548387,36.29327781082689,36.29327781082689,0.9096774193548387,41.14753123140988,41.14753123140988,0.9096774193548387,41.7757287328971,41.7757287328971,0.9096774193548387,41.7757287328971,41.7757287328971,0.9096774193548387,41.7757287328971,41.7757287328971
0.9096774193548387,11.500000000000002,132.25000000000003,0.9096774193548387,4.233333333333333,104.59710743801651,0.9096774193548387,4.233333333333333,160.11982248520707,0.9096774193548387,276.7685950413224,276.7685950413224,0.9096774193548387,36.29327781082689,36.29327781082689,0.9096774193548387,41.14753123140988,41.14753123140988,0.9096774193548387,41.7757287328971,41.7757287328971,0.9096774193548387,41.7757287328971,41.7757287328971,0.9096774193548387,41.7757287328971,41.7757287328971
0.9161290322580645,11.500000000000002,132.25000000000003,0.9161290322580645,4.233333333333333,104.59710743801651,0.9161290322580645,4.233333333333333,160.11982248520707,0.9161290322580645,276.7685950413224,276.7685950413224,0.9161290322580645,36.29327781082689,36.29327781082689,0.9161290322580645,41.14753123140988,41.14753123140988,0.9161290322580645,41.7757287328971,41.7757287328971,0.9161290322580645,41.7757287328971,41.7757287328971,0.9161290322580645,41.7757287328971,41.7757287328971
0.9161290322580645,132.25000000000003,132.25000000000003,0.9161290322580645,104.59710743801651,104.59710743801651,0.9161290322580645,160.11982248520707,160.11982248520707,0.9161290322580645,276.7685950413224,276.7685950413224,0.9161290322580645,36.29327781082689,36.29327781082689,0.9161290322580645,41.14753123140988,41.14753123140988,0.9161290322580645,41.7757287328971,41.7757287328971,0.9161290322580645,41.7757287328971,41.7757287328971,0.9161290322580645,41.7757287328971,41.7757287328971
0.9225806451612903,132.25000000000003,132.25000000000003,0.9225806451612903,104.59710743801651,104.59710743801651,0.9225806451612903,160.11982248520707,160.11982248520707,0.9225806451612903,276.7685950413224,276.7685950413224,0.9225806451612903,36.29327781082689,36.29327781082689,0.9225806451612903,41.14753123140988,41.14753123140988,0.9225806451612903,41.7757287328971,41.7757287328971,0.9225806451612903,41.7757287328971,41.7757287328971,0.9225806451612903,41.7757287328971,41.7757287328971
0.9225806451612903,132.25000000000003,132.25000000000003,0.9225806451612903,104.59710743801651,104.59710743801651,0.9225806451612903,160.11982248520707,160.11982248520707,0.9225806451612903,276.7685950413224,276.7685950413224,0.9225806451612903,36.29327781082689,36.29327781082689,0.9225806451612903,41.14753123140988,41.14753123140988,0.9225806451612903,41.7757287328971,41.7757287328971,0.9225806451612903,41.7757287328971,41.7757287328971,0.9225806451612903,41.7757287328971,41.7757287328971
0.9290322580645162,132.25000000000003,132.25000000000003,0.9290322580645162,104.59710743801651,104.59710743801651,0.9290322580645162,160.11982248520707,160.11982248520707,0.9290322580645162,276.7685950413224,276.7685950413224,0.9290322580645162,36.29327781082689,36.29327781082689,0.9290322580645162,41.14753123140988,41.14753123140988,0.9290322580645162,41.7757287328971,41.7757287328971,0.9290322580645162,41.7757287328971,41.7757287328971,0.9290322580645162,41.7757287328971,41.7757287328971
0.9290322580645162,132.25000000000003,132.25000000000003,0.9290322580645162,104.59710743801651,104.59710743801651,0.9290322580645162,160.11982248520707,160.11982248520707,0.9290322580645162,276.7685950413224,276.7685950413224,0.9290322580645162,36.29327781082689,36.29327781082689,0.9290322580645162,41.14753123140988,41.14753123140988,0.9290322580645162,41.7757287328971,41.7757287328971,0.9290322580645162,41.7757287328971,41.7757287328971,0.9290322580645162,41.7757287328971,41.7757287328971
0.935483870967742,132.25000000000003,132.25000000000003,0.935483870967742,104.59710743801651,104.59710743801651,0.935483870967742,160.11982248520707,160.11982248520707,0.935483870967742,276.7685950413224,276.7685950413224,0.935483870967742,36.29327781082689,36.29327781082689,0.935483870967742,41.14753123140988,41.14753123140988,0.935483870967742,41.7757287328971,41.7757287328971,0.935483870967742,41.7757287328971,41.7757287328971,0.935483870967742,41.7757287328971,41.7757287328971
0.935483870967742,132.25000000000003,132.25000000000003,0.935483870967742,104.59710743801651,104.59710743801651,0.935483870967742,160.11982248520707,160.11982248520707,0.935483870967742,276.7685950413224,276.7685950413224,0.935483870967742,36.29327781082689,36.29327781082689,0.935483870967742,41.14753123140988,41.14753123140988,0.935483870967742,41.7757287328971,41.7757287328971,0.935483870967742,41.7757287328971,41.7757287328971,0.935483870967742,41.7757287328971,41.7757287328971
0.9419354838709677,132.25000000000003,132.25000000000003,0.9419354838709677,104.59710743801651,104.59710743801651,0.9419354838709677,160.11982248520707,160.11982248520707,0.9419354838709677,276.7685950413224,276.7685950413224,0.9419354838709677,36.29327781082689,36.29327781082689,0.9419354838709677,41.14753123140988,41.14753123140988,0.9419354838709677,41.7757287328971,41.7757287328971,0.9419354838709677,41.7757287328971,41.7757287328971,0.9419354838709677,41.7757287328971,41.7757287328971
0.9419354838709677,132.25000000000003,132.25000000000003,0.9419354838709677,104.59710743801651,104.59710743801651,0.9419354838709677,160.11982248520707,160.11982248520707,0.9419354838709677,276.7685950413224,276.7685950413224,0.9419354838709677,36.29327781082689,36.29327781082689,0.9419354838709677,41.14753123140988,41.14753123140988,0.9419354838709677,41.7757287328971,41.7757287328971,0.9419354838709677,41.7757287328971,41.7757287328971,0.9419354838709677,41.7757287328971,41.7757287328971
0.9483870967741935,132.25000000000003,132.25000000000003,0.9483870967741935,104.59710743801651,104.59710743801651,0.9483870967741935,160.11982248520707,160.11982248520707,0.9483870967741935,276.7685950413224,276.7685950413224,0.9483870967741935,36.29327781082689,36.29327781082689,0.9483870967741935,41.14753123140988,41.14753123140988,0.9483870967741935,41.7757287328971,41.7757287328971,0.9483870967741935,41.7757287328971,41.7757287328971,0.9483870967741935,41.7757287328971,41.7757287328971
0.9483870967741935,132.25000000000003,132.25000000000003,0.9483870967741935,104.59710743801651,104.59710743801651,0.9483870967741935,160.11982248520707,160.11982248520707,0.9483870967741935,276.7685950413224,276.7685950413224,0.9483870967741935,36.29327781082689,36.29327781082689,0.9483870967741935,41.14753123140988,41.14753123140988,0.9483870967741935,41.7757287328971,41.7757287328971,0.9483870967741935,41.7757287328971,41.7757287328971,0.9483870967741935,41.7757287328971,41.7757287328971
0.9548387096774194,132.25000000000003,132.25000000000003,0.9548387096774194,104.59710743801651,104.59710743801651,0.9548387096774194,160.11982248520707,160.11982248520707,0.9548387096774194,276.7685950413224,276.7685950413224,0.9548387096774194,36.29327781082689,36.29327781082689,0.9548387096774194,41.14753123140988,41.14753123140988,0.9548387096774194,41.7757287328971,41.7757287328971,0.9548387096774194,41.7757287328971,41.7757287328971,0.9548387096774194,41.7757287328971,41.7757287328971
0.9548387096774194,132.25000000000003,132.25000000000003,0.9548387096774194,104.59710743801651,104.59710743801651,0.9548387096774194,160.11982248520707,160.11982248520707,0.9548387096774194,276.7685950413224,276.7685950413224,0.9548387096774194,36.29327781082689,36.29327781082689,0.9548387096774194,41.14753123140988,41.14753123140988,0.9548387096774194,41.7757287328971,41.7757287328971,0.9548387096774194,41.7757287328971,41.7757287328971,0.9548387096774194,41.7757287328971,41.7757287328971
0.9612903225806452,132.25000000000003,132.25000000000003,0.9612903225806452,104.59710743801651,104.59710743801651,0.9612903225806452,160.11982248520707,160.11982248520707,0.9612903225806452,276.7685950413224,276.7685950413224,0.9612903225806452,36.29327781082689,36.29327781082689,0.9612903225806452,41.14753123140988,41.14753123140988,0.9612903225806452,41.7757287328971,41.7757287328971,0.9612903225806452,41.7757287328971,41.7757287328971,0.9612903225806452,41.7757287328971,41.7757287328971
0.9612903225806452,132.25000000000003,132.25000000000003,0.9612903225806452,104.59710743801651,104.59710743801651,0.9612903225806452,160.11982248520707,160.11982248520707,0.9612903225806452,276.7685950413224,276.7685950413224,0.9612903225806452,36.29327781082689,36.29327781082689,0.9612903225806452,41.14753123140988,41.14753123140988,0.9612903225806452,41.7757287328971,41.7757287328971,0.9612903225806452,41.7757287328971,41.7757287328971,0.9612903225806452,41.7757287328971,41.7757287328971
0.967741935483871,132.25000000000003,132.25000000000003,0.967741935483871,104.59710743801651,104.59710743801651,0.967741935483871,160.11982248520707,160.11982248520707,0.967741935483871,276.7685950413224,276.7685950413224,0.967741935483871,36.29327781082689,36.29327781082689,0.967741935483871,41.14753123140988,41.14753123140988,0.967741935483871,41.7757287328971,41.7757287328971,0.967741935483871,41.7757287328971,41.7757287328971,0.967741935483871,41.7757287328971,41.7757287328971
0.967741935483871,132.25000000000003,132.25000000000003,0.967741935483871,104.59710743801651,104.59710743801651,0.967741935483871,160.11982248520707,160.11982248520707,0.967741935483871,276.7685950413224,276.7685950413224,0.967741935483871,36.29327781082689,36.29327781082689,0.967741935483871,41.14753123140988,41.14753123140988,0.967741935483871,41.7757287328971,41.7757287328971,0.967741935483871,41.7757287328971,41.7757287328971,0.967741935483871,41.7757287328971,41.7757287328971
0.9741935483870968,132.25000000000003,132.25000000000003,0.9741935483870968,104.59710743801651,104.59710743801651,0.9741935483870968,160.11982248520707,160.11982248520707,0.9741935483870968,276.7685950413224,276.7685950413224,0.9741935483870968,36.29327781082689,36.29327781082689,0.9741935483870968,41.14753123140988,41.14753123140988,0.9741935483870968,41.7757287328971,41.7757287328971,0.9741935483870968,41.7757287328971,41.7757287328971,0.9741935483870968,41.7757287328971,41.7757287328971
0.9741935483870968,132.25000000000003,132.25000000000003,0.9741935483870968,104.59710743801651,104.59710743801651,0.9741935483870968,160.11982248520707,160.11982248520707,0.9741935483870968,276.7685950413224,276.7685950413224,0.9741935483870968,36.29327781082689,36.29327781082689,0.9741935483870968,41.14753123140988,41.14753123140988,0.9741935483870968,41.7757287328971,41.7757287328971,0.9741935483870968,41.7757287328971,41.7757287328971,0.9741935483870968,41.7757287328971,41.7757287328971
0.9806451612903226,132.25000000000003,132.25000000000003,0.9806451612903226,104.59710743801651,104.59710743801651,0.9806451612903226,160.11982248520707,160.11982248520707,0.9806451612903226,276.7685950413224,276.7685950413224,0.9806451612903226,36.29327781082689,36.29327781082689,0.9806451612903226,41.14753123140988,41.14753123140988,0.9806451612903226,41.7757287328971,41.7757287328971,0.9806451612903226,41.7757287328971,41.7757287328971,0.9806451612903226,41.7757287328971,41.7757287328971
0.9806451612903226,132.25000000000003,132.25000000000003,0.9806451612903226,104.59710743801651,104.59710743801651,0.9806451612903226,160.11982248520707,160.11982248520707,0.9806451612903226,276.7685950413224,276.7685950413224,0.9806451612903226,36.29327781082689,36.29327781082689,0.9806451612903226,41.14753123140988,41.14753123140988,0.9806451612903226,41.7757287328971,41.7757287328971,0.9806451612903226,41.7757287328971,41.7757287328971,0.9806451612903226,41.7757287328971,41.7757287328971
0.9870967741935484,132.25000000000003,132.25000000000003,0.9870967741935484,104.59710743801651,104.59710743801651,0.9870967741935484,160.11982248520707,160.11982248520707,0.9870967741935484,276.7685950413224,276.7685950413224,0.9870967741935484,36.29327781082689,36.29327781082689,0.9870967741935484,41.14753123140988,41.14753123140988,0.9870967741935484,41.7757287328971,41.7757287328971,0.9870967741935484,41.7757287328971,41.7757287328971,0.9870967741935484,41.7757287328971,41.7757287328971
0.9870967741935484,132.25000000000003,132.25000000000003,0.9870967741935484,104.59710743801651,104.59710743801651,0.9870967741935484,160.11982248520707,160.11982248520707,0.9870967741935484,276.7685950413224,276.7685950413224,0.9870967741935484,36.29327781082689,36.29327781082689,0.9870967741935484,41.14753123140988,41.14753123140988,0.9870967741935484,41.7757287328971,41.7757287328971,0.9870967741935484,41.7757287328971,41.7757287328971,0.9870967741935484,41.7757287328971,41.7757287328971
0.9935483870967742,132.25000000000003,132.25000000000003,0.9935483870967742,104.59710743801651,104.59710743801651,0.9935483870967742,160.11982248520707,160.11982248520707,0.9935483870967742,276.7685950413224,276.7685950413224,0.9935483870967742,36.29327781082689,36.29327781082689,0.9935483870967742,41.14753123140988,41.14753123140988,0.9935483870967742,41.7757287328971,41.7757287328971,0.9935483870967742,41.7757287328971,41.7757287328971,0.9935483870967742,41.7757287328971,41.7757287328971
0.9935483870967742,132.25000000000003,132.25000000000003,0.9935483870967742,104.59710743801651,104.59710743801651,0.9935483870967742,160.11982248520707,160.11982248520707,0.9935483870967742,276.7685950413224,276.7685950413224,0.9935483870967742,36.29327781082689,36.29327781082689,0.9935483870967742,41.14753123140988,41.14753123140988,0.9935483870967742,41.7757287328971,41.7757287328971,0.9935483870967742,41.7757287328971,41.7757287328971,0.9935483870967742,41.7757287328971,41.7757287328971
1.0,132.25000000000003,132.25000000000003,1.0,104.59710743801651,104.59710743801651,1.0,160.11982248520707,160.11982248520707,1.0,276.7685950413224,276.7685950413224,1.0,36.29327781082689,36.29327781082689,1.0,41.14753123140988,41.14753123140988,1.0,41.7757287328971,41.7757287328971,1.0,41.7757287328971,41.7757287328971,1.0,41.7757287328971,41.7757287328971
1.0,132.25000000000003,132.25000000000003,1.0,104.59710743801651,104.59710743801651,1.0,160.11982248520707,160.11982248520707,1.0,276.7685950413224,276.7685950413224,1.0,36.29327781082689,36.29327781082689,1.0,41.14753123140988,41.14753123140988,1.0,41.7757287328971,41.7757287328971,1.0,41.7757287328971,41.7757287328971,1.0,41.7757287328971,41.7757287328971
